monthly_charges,total_charges,tenure_months,customer_age,support_calls,internet_usage_gb,num_services,churn
20.0,1008.498152170516,47,69.50898228842024,1,259.0973607236452,3,0
102.24386085624776,2690.822943468814,27,41.09354002656505,2,228.5927841363854,1,0
86.58340798049699,3277.106204243074,38,21.51647009157819,3,264.81120739998664,1,0
70.90980161262195,1793.7085769113048,25,46.33342015828462,2,151.8280404053544,4,0
70.94683761814267,4570.241000214383,63,49.64303665114525,2,339.9729198935529,3,0
62.02752150532199,2528.2500668457456,40,35.88852638332515,2,343.34415014925395,2,0
31.48826218471295,1197.7969377029092,43,31.873469236134675,2,194.7138227059578,1,0
67.19862559622668,4357.416600987009,62,44.59841728114208,3,241.1653197597101,2,0
70.48422721790587,3564.1552739087324,51,35.13637506013356,2,210.4375730890798,1,0
34.84600775724032,2359.5664622263016,67,43.46819384292242,1,216.516856690204,1,0
47.31503947443317,3087.636828278203,63,36.43590008278528,1,196.7230703114063,3,0
99.9128827406694,5235.4169811119455,53,49.2758089900067,0,0.0,4,0
100.89088902912276,7135.811383519927,69,31.87635937253202,1,136.01365949150082,2,0
48.3636175341876,2199.654406476463,47,35.83309717154604,1,304.11533953784146,1,0
77.70132205554542,4550.990123697315,58,35.28028369328635,2,175.9954489215317,3,0
63.8445135571088,3810.7668834819497,59,28.98415071580248,3,67.06718557167963,4,0
82.5664020571034,1038.8578727752797,13,38.71780549356742,5,153.65897373755234,2,0
114.01404198434255,3545.388621643902,32,38.308530839567936,6,92.38366643960052,4,0
65.20662437044578,1251.4877209514725,18,44.59856703816949,3,130.04124756847835,4,0
50.29952834603856,1291.5085126239755,26,26.15273367509336,1,100.50440997234742,4,0
69.40063985904915,3654.430524932558,52,29.091901318789965,3,324.6576398606017,2,0
78.53403598350437,3346.335492810924,43,46.15363734038126,2,227.04512802065983,3,0
61.9248093221708,1581.0798955605069,26,26.68512493574908,1,148.55162183052903,4,0
105.68713590602609,3880.025006146257,37,38.386488300683645,5,104.7333937427118,2,0
59.38650880452752,3243.2206611403053,54,62.792140493475,4,110.8667785048936,1,0
62.48500178036147,1906.9692872062976,32,32.06020421964054,6,290.99297067079544,4,0
93.00411085093263,4024.236040671769,42,36.18548075206149,0,265.3894408129413,1,0
59.793142523877584,2160.7409779705404,39,47.74052858560722,0,229.37980056652964,2,0
93.824649141302,5125.011026132987,54,46.72161256758717,1,241.9007673188667,4,0
90.62228917843484,1971.5779203590528,22,36.621501648427525,3,295.2441122320534,3,0
70.86501085796706,3538.84992363982,51,19.689882666771403,2,276.6092328514906,2,0
91.48930281071016,267.87612300031225,3,38.99029447986311,2,282.31637964787626,4,0
74.1385503856652,2154.867966272929,31,43.30038038581107,1,114.003427137594,2,0
107.25855170210455,6833.276132577034,65,49.23635497983382,2,172.99152611299593,3,0
107.23128247663637,4614.318284727109,43,45.43834496561809,3,184.6219969775445,1,0
38.45102412345989,2182.579194809823,58,54.717842754817895,2,234.6585439813964,4,0
71.39281498970712,1391.9611847632475,20,30.39713750424857,1,417.4375031714561,1,0
67.52622534288602,3996.720955720617,58,31.401060221563824,2,199.6906534016374,2,0
64.08341864188722,3824.861987476595,61,45.3993730331712,4,164.2168884150131,3,0
96.66381405686468,5248.462599998198,55,27.09011386942858,4,115.72765201987096,1,0
100.0516181161887,3669.2060410669446,37,55.01760023989418,3,314.9880104422264,4,0
47.36718146497695,754.7044057513083,16,41.71524861816064,1,196.387091190156,1,0
67.22634109450308,1665.2654094042946,23,25.91382624404373,3,157.24234849867918,1,0
56.49061132427136,3694.714195068888,62,50.86483630218085,0,185.44670627553023,2,0
52.36502946536383,2397.1010726371555,48,48.29129238669162,0,249.91305635611724,1,0
88.22921219164631,5767.559239552938,63,46.16076582619155,3,249.6937437506612,1,0
66.01775234485496,1933.0623417430115,27,45.50971724676539,3,151.40707805012542,2,0
77.79562031887386,4082.040591884775,52,43.687734066067385,1,172.12033029556767,1,0
75.99269206359493,4474.04152056202,59,44.10152520848006,2,45.566916573827456,3,0
56.14833768057287,2871.8345678768264,52,35.20415829475568,1,93.66783610565584,3,0
41.6783549495614,1438.0999093677233,36,45.37360674478973,1,323.17916943058265,1,0
67.47764453538016,957.7333411132596,18,47.82437910634212,2,294.26315669154235,4,0
46.51459394349311,1828.3488529965405,41,34.23455879008904,1,272.1590176768621,3,0
83.31306875824663,994.5481806357116,11,52.97611958725952,0,292.8110687138484,4,0
67.78298557893986,1390.284777487104,18,21.27254525276798,7,218.36631824048155,4,0
20.0,953.5275330719592,44,52.22414483426345,1,128.96993965061898,3,0
42.506240579555616,2782.470019387893,69,27.357760503874616,1,44.06385481539272,3,0
56.61794747533109,1114.655981809262,18,22.63202238158146,0,206.81069041685035,1,0
76.45153475994408,5389.106137735892,71,43.73535749679202,2,141.00743989019156,1,0
57.7754931939035,743.3039984337615,15,40.89706484257527,3,221.3904881068051,1,0
71.58454028181225,3955.5515087585904,54,40.766512443696186,1,141.55400334731792,4,0
29.499084740050577,1047.09504325106,37,57.99604313918822,2,133.09715205637815,1,0
78.68395336186393,5199.831675803201,65,44.05878293335228,1,6.715696682817082,3,0
74.94568060475237,3921.097145953319,52,51.65962133029159,3,151.2251691515893,1,0
35.97007810504616,1974.574091117848,50,31.27726488957355,3,241.3170995273208,1,0
54.91595674551617,1326.512109421294,24,33.20406400624282,6,286.7109130273106,4,0
102.03815302033856,536.2714780642184,8,62.883898669955606,4,272.82528408790944,2,0
66.6424554690744,953.5222519711418,14,32.71589961286523,3,305.4223557114851,3,0
64.11208599620711,4009.502163568856,63,46.78516946772574,5,147.11503539367868,1,0
77.39239172608347,2900.148475994009,37,39.75032280759993,3,255.5271394702713,3,0
50.64511208601044,2576.566082653121,51,29.790865078947483,1,207.77572701036496,1,0
55.274721314606566,2047.8786552985816,37,23.10251899042254,2,331.1380813902806,3,0
75.07632953099255,3985.9371442352735,52,54.04401901949426,2,278.216240537609,3,0
93.24408098199058,2981.820048442364,32,39.86581288868092,4,327.5912706997146,3,0
71.45814486552105,780.9327867468443,11,38.48222484947642,3,89.64108892264328,1,0
62.35225941408882,1683.0041716747585,30,53.95496991282795,5,99.73197627282414,4,0
60.87148087712815,1876.9858064669136,30,18.0,2,225.08665245614952,3,0
73.54384658397976,4900.230534635721,68,51.73816206836518,2,218.86762942627445,2,0
87.75532137146928,863.6054455764616,9,43.378217355525294,1,199.3746856687468,4,0
72.02933784904836,686.1058942768037,8,24.055251145900417,3,426.8576359157629,4,0
69.99848946778769,151.84930934893393,2,18.0,2,244.3285595813672,3,0
38.61487745211073,1025.4290079676198,30,18.238671383723503,0,328.9300990110568,1,0
95.19473085743267,5256.258472678445,57,47.44327944362101,1,97.81270574433888,4,0
52.66519195469797,1058.0451925531831,22,41.11057743989954,1,225.00543952019635,2,0
79.36878238891289,1349.5547048274343,18,46.52584739689336,4,300.13499686379873,2,0
85.21898786256659,4530.239876589573,53,34.82105132485159,3,154.57472665594415,1,0
69.46154818863455,1440.8623297628608,20,31.70528813829378,1,283.0915705452139,3,0
88.54924863517165,1665.9533594913432,20,48.62325172805528,1,225.4848869005785,2,0
76.015908787341,1528.3011063777888,20,25.86152793401882,3,208.97366619169856,1,0
47.66870331529041,123.46036924520882,1,42.35125631688859,2,234.1868977508664,2,0
78.32247628955251,1812.6011043379524,24,52.96468818733558,2,109.60284451901948,3,0
61.971711430859706,1458.1084765236023,24,55.95789058435107,4,233.37488656116508,4,0
105.7033762703295,4807.549547367002,44,49.83949879684055,1,207.37479059277857,3,0
70.4610441651894,1815.3905322396388,27,63.59762638474501,1,224.12625666228743,1,0
77.53840228875261,3357.012352742138,43,33.16028354522513,1,105.53534365920083,4,0
33.38667275644391,1465.102252609815,40,59.634746093867264,2,327.8923244468351,4,0
21.466415132138515,1383.4986878947248,60,40.89546002078854,3,182.4320303237524,2,0
62.167603785607966,3941.272647882367,64,43.04377038503269,0,79.99183954195752,1,0
82.22247100111822,328.105023891803,4,54.7306085393661,5,356.26726839958235,1,0
81.71536277334143,2533.462891229753,30,40.40949611306227,2,316.01597203747446,1,0
24.9693002802426,1025.8880225445073,37,28.24505132946976,4,280.4849731888108,4,0
74.87531521061747,5279.553683064823,69,38.08439035061451,4,332.4019190263135,4,0
36.15895169244088,782.5981954930453,21,42.736218115997815,2,241.6604749739164,4,0
89.19412742695022,3299.2113116831965,37,19.48686648447847,2,185.08078289330507,2,0
83.00309801934004,5356.955652284537,64,37.632866890900175,4,131.13867310443948,3,0
38.25587146424739,1895.0146398724912,49,44.591977378312095,1,262.3058664927767,3,0
27.70903705820666,1669.3262702500604,59,57.41294623997564,3,169.33626451015718,4,0
87.7798583518971,4794.301016952774,54,61.41570579869257,1,269.4735919118158,1,0
37.89638408425882,164.91264533146676,5,40.496604821674325,2,254.4119360699605,3,0
57.147803170668574,942.9249462007474,18,40.64231627197036,3,307.7583334591933,3,0
69.01976602411078,820.037351285073,12,28.98266178506275,2,193.19300155218303,1,0
66.82789586083001,3635.944011441736,54,30.690148133723632,3,196.23399993789923,4,0
61.72486237239875,1352.3319942956348,22,32.06174996310909,3,44.422185163551234,3,0
75.45469474325589,1410.165002120768,17,32.69540987886336,0,302.5769742328781,2,0
63.71851251515451,3553.0090453887447,54,26.15598121726509,3,86.85183896462755,2,0
60.05679706622269,1073.518441877913,19,47.96991068924314,1,129.95183886831552,3,0
47.14095920917,2894.3330955806177,61,37.79079256859727,3,370.0060840012619,1,0
102.8436554409004,3319.338204090015,33,45.50562593207788,1,273.01433892419584,4,0
72.6805358549333,1383.220409340414,18,42.153268761479325,1,81.38228725041522,2,0
96.74907651282425,1724.0632688878625,17,33.833752212892975,4,133.25371890183993,4,0
61.12036080707869,996.0783978049268,15,47.7908266243584,1,199.7048186354954,4,0
71.9184082479048,3479.030486372755,48,20.18328039667157,2,286.19596160844014,2,0
66.8334572590156,4195.92894864879,65,45.21181149978086,3,274.19474733006393,4,0
87.62833839518517,652.3364951930458,8,20.828971398309065,4,100.14157321995692,4,0
83.7240137210582,5562.776210228151,67,49.25114332426976,1,239.68762877398711,1,0
72.30597444421582,863.9783937672335,11,31.335524642494374,2,308.6574771374385,1,0
89.21760150427687,895.6254265520178,10,31.89573920188048,3,178.9011304938955,1,0
65.3528520701452,3115.1261416458283,47,44.4653699248485,1,252.17189500192703,2,0
51.283322631952174,261.11687306738827,7,37.135840653258704,1,183.0278872025792,4,0
45.99913444029953,2977.431115280969,66,21.27720851145725,4,345.1698116004725,2,0
49.19674238041036,1075.9777572998464,22,54.32286182016325,0,132.6328100949366,4,0
70.28610181426274,2340.677397193961,34,37.77134357260471,0,198.0995413665404,2,0
53.249665543498935,2777.9956672922053,55,74.97146391963753,0,216.3444800578319,4,0
51.40576731115166,1009.9727844659358,20,36.28324528595388,2,266.8126946712732,1,0
63.17476567586829,1441.866872882762,21,63.99064897100568,1,155.19303398720416,2,0
84.94256823353683,3302.253747229789,40,46.4555475998132,1,239.71296650668563,1,0
87.84400170275676,2339.0948557284505,25,36.30885016326763,2,304.4903756375646,4,0
67.43096491333115,1994.992367974594,31,43.952006408673,6,167.8073128320298,4,0
90.84670736881986,2637.804881021561,30,54.29307230800346,2,85.01071121093108,2,0
54.85671803764729,3945.7179422192607,71,40.50961266259991,0,242.94484441363736,3,0
54.5483253525512,3717.543525316076,68,26.27145168515174,0,116.1791874746024,1,0
56.17599109334445,783.5461347873584,15,59.03163482584647,5,49.236850731114885,2,0
79.31540132076432,2579.7302769237594,32,35.38105355474295,4,322.3512543300445,3,0
29.15807169009153,1192.1411732441325,41,54.238914121568,2,277.3811894949532,1,0
77.60438289732343,5135.739748969375,65,26.155439032597062,3,189.7537107394565,2,0
32.59205042505598,1563.6763214022487,48,18.64751549761809,1,123.63489103477691,2,0
68.94397034692307,2779.4979841888194,40,26.558750248162543,2,289.722381897903,1,0
69.13916448438704,2796.160896963496,41,34.60021199850941,0,162.4858935226423,4,0
115.4621021412431,3807.5677211016814,32,57.82526432049795,4,253.9263966239889,3,0
93.82378524653974,4126.808719224171,45,46.73042271080926,1,229.1162909689617,4,0
56.22902935072891,385.1984062840157,6,44.1763365802986,1,75.25903628253963,3,0
83.73608813589355,4493.536992635296,53,52.54612976860114,4,231.4018747759519,4,0
81.13097409820088,2324.9158051087884,28,18.903558863475205,3,97.87094284188636,1,0
60.549388159500026,2901.75346108703,48,53.796570082291886,3,172.91050899468138,3,0
81.5908323114646,5885.090139671858,71,36.15504786114919,3,354.08053255560014,2,0
109.18822684776572,2190.77043502932,20,21.951654516859293,1,209.2839396738495,3,0
43.85643623391429,2223.3380012328244,51,26.57955634646597,1,240.69540512913875,1,0
58.025364666431415,2564.51008161026,43,19.01859712267544,2,279.21035690371355,3,0
93.22136715292967,5337.794649522005,57,56.48180252946016,4,175.39014154506344,2,0
78.81164600577999,2046.864667982432,26,22.210926122445684,3,282.7940905271163,1,0
90.25736389707748,2314.9052651719894,25,52.30130231237672,1,277.3647064814395,2,0
28.15796459491564,1304.884528029618,46,32.93995583379923,2,185.10979353459769,1,0
64.5024490686813,1873.8367826350093,33,35.30899427352861,3,176.33812534739087,1,0
84.96431234374461,5970.346314246529,71,44.73834922556111,3,225.5395317671172,1,0
69.32621536918121,2991.5289425646065,43,39.63234340990515,1,141.4749218730881,3,0
58.19350164094271,1081.1603781608517,20,56.82971515851504,2,286.1953697633584,3,0
32.72231401398505,1653.024162794714,46,24.029783385870378,2,232.9706745089913,2,0
71.05611350815452,1078.8389378773977,19,28.956175930519453,6,83.16903522033427,4,0
38.77938977125272,2349.708626917787,57,38.94162983852822,1,0.0,1,0
95.31872517411068,2369.956884531442,24,37.50162362145182,3,177.58674220787378,4,0
47.433389036364126,675.1438244848471,12,43.616691857703415,0,33.7940456186993,1,0
68.0959492148398,4665.453571236687,68,47.09810461201101,0,341.6318828272808,4,0
61.03216723078118,1692.6635828147912,28,26.709119862106,5,224.25091520018452,2,0
63.44471510557624,1303.695201954958,21,37.481868870772914,0,240.8017867129313,2,0
72.0812147002056,943.40156790731,12,36.83689485923759,1,188.2078840874005,4,0
74.90758814519384,3886.358341355436,51,59.38141922898928,2,278.5552879572376,4,0
63.07665703995604,2880.446754034502,45,28.856676817194945,1,304.6656333574009,2,0
32.096488138413626,955.0766157772612,29,21.7578606664893,0,188.9681806241928,4,0
67.86651018883515,4399.51358012512,64,28.28903977260287,2,116.60194923157924,3,0
121.9660785453863,5233.85077950592,44,41.405062826737485,1,225.78183803335617,3,0
90.17301912616873,5721.901966253248,63,61.59987589372548,4,0.0,1,0
77.61842867544453,5518.226274359257,71,30.6699239578995,5,265.1178774924147,1,0
54.82743153279952,3801.564408252932,66,40.89511708064227,1,188.24694028309585,2,0
75.67254647614583,2033.7827501042784,26,28.41253692587996,2,131.31919366630518,2,0
65.08804668102458,2991.4312733936085,47,18.0,2,144.03688375626265,1,0
40.54044781776848,215.0013706993544,6,32.00358078423915,2,264.29689098082497,4,0
92.63289018391777,4258.318279661623,44,43.80337034415059,2,122.88456975254176,3,0
60.18055434868306,3632.480941943425,59,23.341155841161868,1,213.44098606053487,4,0
85.01219833736963,4805.859569566673,58,42.304277623042985,4,219.22271645284783,3,0
45.50941814367418,671.5325844124483,17,25.342751557757087,1,300.4676199925727,4,0
67.39110622030752,1259.887635972964,20,52.6706418101228,1,151.91237324534157,1,0
44.05799960666697,910.5357626140428,22,36.68054207111863,3,227.28014643522417,3,0
54.43456547073815,851.9919020501978,14,27.5141909102976,4,218.9297246829913,2,0
81.55587908448761,5225.230652757758,63,65.87744168365654,1,234.9662832716076,4,0
55.720220039495416,3977.9869806598335,70,31.41384914193418,1,139.09275729406,3,0
61.60718516779784,3733.32898604568,63,38.48452588880567,5,130.66788360433245,1,0
46.03397710598426,1775.2443532605687,37,56.36810974090805,1,84.14333094590293,1,0
24.54764578091396,399.2550269387152,11,38.78552987271779,3,226.2067481076515,2,0
48.85888445320795,1351.0571045835836,23,45.1260652751003,0,235.04789068969487,4,0
91.69286046691876,5107.05347337392,54,60.045853747265895,3,246.74814868893665,1,0
76.84410807991718,615.601985069289,7,48.02554383248117,2,151.44832464509892,2,0
74.65299316421093,4274.113972792664,57,32.2679995883548,2,224.4690039471841,3,0
74.52523294137406,4335.532478718852,57,35.722435848369706,2,155.14673955197688,1,0
56.22262032306157,2573.599428432097,46,35.36744102701274,3,73.78321111935158,1,0
38.5894279787758,2372.6781811531564,60,63.22801430449279,0,262.466836337643,2,0
65.31170176164257,2147.702010432966,34,33.973814054304256,4,120.61224356477236,3,0
51.81345966880114,1170.9437608195972,22,34.17667140716163,0,197.8915169162645,1,0
68.10582062126218,3501.738449246115,52,50.25681693047928,2,213.0367765405704,3,0
93.16137748879706,5658.8066399729705,61,44.3998055735618,2,212.3179524784772,2,0
68.2695542723573,1312.121604196696,20,48.33134583914308,0,280.6690275700382,1,0
53.55999155616962,3419.3114626204406,63,37.30846448932645,2,207.70175780626337,3,0
88.92371793490776,4589.444100101283,50,18.0,1,150.32952922456823,1,0
82.71885411289179,4791.307498828762,57,41.66978090376393,2,337.0072298541244,1,0
48.308641759884665,3193.3873226704586,63,38.23023068998058,2,244.92986199818205,2,0
30.442241369591024,1650.861193644602,54,24.089084059944497,1,210.80990452820345,2,0
48.28195197746267,2913.705465783484,61,28.18525896748374,2,296.0679252059425,3,0
54.80329822814674,1038.5531534591055,17,28.86442802936012,2,196.72498113920568,4,0
59.953374234606514,423.2091333139484,8,36.25762948513625,1,104.50823572559494,4,0
54.285612024649794,2197.645307393356,39,47.47915470357447,0,198.76451774491176,2,0
90.4781100998508,3681.910384702287,42,44.145989970082624,3,89.92642892235743,4,0
49.90065693235792,1267.2536030586152,25,40.65740876473162,1,384.4133068142122,4,0
92.12533315189444,1464.900113895494,15,30.799305978478657,1,139.56903293944902,2,0
68.5923232781742,4496.170930622555,64,26.83728320170309,2,92.99281127260404,3,0
37.891805119680704,1159.7560087078164,32,33.00154148594458,3,236.34329748522725,4,0
59.0215917335556,2622.876734779413,44,63.84814082965439,1,271.96172429896734,4,0
70.07290309947555,5009.092127479554,70,40.03218344026846,1,108.5994784635291,2,0
20.0,1258.804063461901,59,41.83947676013935,2,288.2918083390059,3,0
76.77178101999603,5236.64730204209,69,54.259211175424205,2,108.42968768211044,1,0
45.40061876640454,1810.1141554248884,38,45.91427642968918,2,282.7586902604612,1,0
44.9762025305361,1694.845380788901,37,55.68694246591733,2,277.19635042930435,1,0
67.01418116505108,2391.177910604852,35,53.03842739591352,2,139.5868728854369,1,0
91.45259492467564,4800.699125081889,53,43.38183372582519,1,171.8384790478982,1,0
62.9018233651983,2949.278126368285,47,41.13038917337815,1,246.9390141844148,3,0
75.81748774849846,3355.494569646211,44,30.04264712196542,2,336.6255340317413,4,0
71.18582267789414,4337.07219430217,61,43.455009534009605,4,60.40434072821665,2,0
84.08948148087207,852.8683424340174,9,22.58551467800637,0,119.34812010776837,4,0
72.48111792893297,203.2946333211497,2,41.06794349988295,2,275.0556918493575,1,0
64.1698657486927,3266.72944602748,49,39.30443169068075,1,128.85238567990018,2,0
90.64959431506756,5468.434900370423,60,53.65779296244119,1,179.4343515408998,3,0
37.91127198974696,527.1468637935124,13,30.33847969940668,2,164.5429124928173,4,0
46.6705735876739,272.9259431088811,3,46.96308225573599,0,165.18575295296012,3,0
83.51926786005956,353.8154014851726,6,43.29255878351067,3,207.7881053282876,3,0
69.87385498172256,3141.71676295756,46,29.857520975459312,1,349.30476673478984,3,0
55.09705556282813,1938.3135614701512,32,24.32580904004033,0,325.0072707903689,4,0
84.74737151792485,2496.939346820721,30,28.46412291846992,1,240.9695369748616,1,0
98.16738292153804,6013.848288063364,62,65.52403372430132,4,202.5967485564168,2,0
67.13648051347626,1727.144200140502,24,32.25249474319456,2,92.5575221709129,3,0
77.33464396284948,1937.5799923063064,27,56.76298178764935,2,324.4080935496873,1,0
72.33656231138156,4173.578897636462,58,50.08306966097842,3,170.58309290672847,2,0
55.35102237776448,1634.5240325775353,30,18.471056356758908,2,181.72816218478053,3,0
96.80197407072868,955.3062521337396,10,38.89299469429452,3,344.871012808394,1,0
67.60962439139848,3408.81653771842,52,42.22967057501927,2,146.47952046024977,1,0
82.26135456057686,5657.096536517699,69,23.134261053315395,4,248.9637409152187,4,0
78.06171922438735,2965.706413494268,37,45.8390507484965,1,155.4724021599916,3,0
70.64814508807741,987.4158994097506,15,65.60208475917112,2,271.60761154810115,3,0
33.15936323189846,2292.109392395369,69,30.81360963523222,1,223.3725528116924,4,0
89.5362596493922,210.2956865933891,2,45.61016609838958,1,101.6235676391386,4,0
76.65529954508234,1259.30032811638,17,41.57770002052264,0,115.8218845460003,2,0
69.79934694485233,4849.228291423036,70,43.196972143846935,2,275.8072761789064,4,0
106.31304127838214,5277.076871314198,50,39.68967323135318,4,187.8352083411952,4,0
58.72152136947055,2777.399108582269,49,44.614545797909294,1,252.24874173252857,3,0
87.48159618320399,3907.194165522558,46,24.07638818650762,0,148.88732496501206,3,0
102.26763070522048,3580.490466463996,34,37.44676417219078,1,218.9470193611559,4,0
61.95680529854965,4142.93968461631,66,56.70827979508879,3,154.82966797249873,3,0
75.99770133091546,1435.740781660493,20,32.90889793621207,3,228.3598013177439,2,0
91.38785339411471,2299.9684680404043,27,52.22779530789252,1,226.3796457464031,4,0
83.17235129584554,4945.989009132372,58,45.55179478990357,3,165.37153492728794,3,0
75.2254510627075,2983.39043630778,40,25.821994451463286,2,179.87725566076344,2,0
63.26816551848783,3477.6025534863147,55,54.704268456423485,5,156.6099733503901,2,0
45.54526080502429,1757.408284933876,35,68.88796616215222,3,196.3680922066296,1,0
66.91589377028235,711.6134228198063,9,45.44735702570072,1,96.77768033803616,4,0
62.13378296437686,2931.029645764364,47,43.71348207446917,1,115.02504505676332,3,0
98.97807223251522,2552.5573633623258,26,56.92802323615557,3,156.31396996755234,1,0
68.11668896158778,2031.5666803382392,28,31.47343158673683,1,184.01291286501825,2,0
78.27726163071515,72.83713586341158,2,41.69241384286539,3,139.86354666300304,3,0
77.04543164142946,4086.2873650015727,52,37.807191019545954,1,117.87483670858585,3,0
29.82829063258748,386.0901965182615,11,62.9462876610351,1,196.38299816675868,3,0
55.183724534152034,2625.1493987587087,49,41.67951525360609,1,124.82412860517614,3,0
94.85739099207474,367.32899229167447,5,18.0,1,138.9894358610903,2,0
52.34342024555926,1442.759575924243,26,37.583314215155376,0,198.07416200122967,4,0
84.36301085103688,3854.383831228238,45,26.95262842047949,4,110.85718521990027,2,0
79.40527495192372,-33.40012560740979,1,37.90287639575818,2,176.5951209858334,1,0
89.98505606094406,3374.8192148794915,36,39.72916173528301,4,156.41438827253188,3,0
44.74912514432361,558.6377165735288,12,18.0,1,218.26242677878537,4,0
85.3399752496082,5026.842478147094,60,39.81719052532181,0,67.01211661226182,1,0
56.10403569788994,2737.4121501037475,51,27.677962454645968,3,264.44581175775767,3,0
66.23406283012666,4216.386048050052,64,18.0,0,339.99758603835096,1,0
66.24192122446455,4168.459133621987,63,39.39227051672261,2,198.2725405241723,3,0
42.01532262780826,1529.8799525040354,36,56.49317765507337,2,90.518067721119,3,0
47.69920093161119,3092.968018648398,66,36.91757306284561,1,213.10148448869967,1,0
80.11371702675847,1551.0117998303597,18,35.33090020278574,1,192.7832055386563,1,0
27.537992999151164,554.7647830706304,17,28.55395799592155,1,253.9131336488249,3,0
104.30937184339982,4542.145118015487,46,41.0704651987565,1,230.75245821661727,2,0
57.38763217138848,1534.9410535587194,24,37.98903770374804,1,313.86647679269345,4,0
46.363811824585,1657.6483758319898,35,37.11397978354712,2,88.70086104778801,4,0
58.98213589765715,3870.988083892824,68,40.06366388988749,4,178.88355132429763,4,0
59.00603861582431,693.4428962312304,13,27.84073828841136,2,134.59657620528878,2,0
47.74941379510469,2337.890455772611,49,34.75289262454509,4,144.13748227807903,2,0
72.86615465015745,4356.682578857668,59,35.865538918178515,5,247.1997896068351,4,0
41.42638599548062,1379.301633786711,30,49.02100438148771,1,254.90188788776896,4,0
52.256171499894535,206.73224581710772,5,49.63430253061574,0,223.188791057664,3,0
82.40554712235394,4107.883934584318,51,51.00121326515405,2,234.1473085584502,2,0
76.43373151732453,1004.7999762033404,14,34.43278616908299,2,224.67147630891665,4,0
64.81316731414586,2656.637027379433,41,49.39520189546129,4,167.88826954909433,2,0
74.88053876280989,1450.487786797242,19,36.19927435018237,3,292.59804308759294,3,0
75.69206059627113,4975.928399188212,64,43.92926871854822,2,190.09587311204103,4,0
67.9521784979262,4609.069917337696,70,47.86328396047129,2,162.50107411490978,4,0
45.961266382660526,1138.3790816583776,24,35.55332200882336,2,139.21815375176652,2,0
98.42085536736664,4802.219057100881,49,61.91999836264566,0,289.5523590078037,3,0
31.4988265417768,1517.9490249716089,50,53.91461118108994,2,121.53438461323618,3,0
67.44650850834007,4476.266741642915,64,25.231502083989817,0,76.86413089135975,2,0
70.94004890737288,1803.7153837455728,25,49.49329407494838,0,152.92871330824414,2,0
73.37444533872959,973.6267953219212,14,36.89809566914526,2,277.5711074155723,1,0
80.56020947958416,5455.141598196572,67,52.183843910337366,1,32.15674867270508,3,0
81.02604436139511,210.70709471155743,2,21.09427179666892,3,167.6730562294149,4,0
36.92604322064718,1755.8523813427455,49,40.380017239754906,1,105.87710959918728,4,0
42.112497745736206,583.9486494381542,13,29.971286499998097,0,255.60619242107688,2,0
76.50927256364261,3048.399621223012,38,65.51094966724118,4,194.70222054370632,1,0
65.94682185668893,1908.4048486851943,29,21.876717036194528,1,202.5443840129598,3,0
75.92717312105809,5112.6040154768125,67,42.2889290654044,4,166.0272643693174,2,0
50.05357062448199,151.18343666992533,4,41.061971472020296,3,198.96337340647105,1,0
71.82856617028114,3486.196051638346,48,53.14350121839591,1,129.1596956613546,1,0
73.20119585592978,2604.71959115386,35,18.0,2,240.68187526427948,1,0
94.40157028476558,3507.0010022875176,36,37.09097356390292,1,215.8641895023393,4,0
103.961179844945,1469.6024493237069,14,41.59405494496096,3,154.1748289681231,2,0
75.50683726159846,996.9819228854176,13,61.65856691426008,4,163.87810588301252,2,0
102.59068389021532,3926.774334229511,38,37.010554125834,0,216.31252219598176,2,0
58.95494100630145,2479.8238989292363,41,47.567960381545134,1,145.90508578722952,1,0
62.16744579001485,2561.8491874277843,39,48.12981650347281,1,152.7198991171285,4,0
93.40908594722907,2087.4045265528152,22,21.07021559650613,3,177.59092238616168,4,0
68.75202902835387,2035.88898391914,29,44.15367530674757,1,202.79326203317007,4,0
62.919997744996536,4381.723155109907,70,32.91963038425656,0,171.5009176920624,3,0
73.08580101103742,1865.9495488254968,25,37.19278230531433,0,176.7031276003167,4,0
103.2190497629588,2953.069966907292,29,45.087197782189264,1,220.53203076337908,1,0
101.51001871684812,3249.7124096958296,31,33.659700135834214,4,67.38972808471391,4,0
85.79656069468598,1757.7254918952988,20,59.98530301382039,2,194.3692439224512,4,0
45.749537378096605,2927.588710134291,59,18.0,2,261.41243107182095,1,0
83.6406955366682,843.4874488566725,10,26.93401912645946,1,252.6785510264379,3,0
73.20587442192546,3006.516282234041,42,41.17256900059533,1,293.62382146800053,3,0
93.4920047591468,1353.055018152339,14,39.52032510523389,2,203.04729902548723,3,0
56.91237828359014,2854.8170028962923,48,41.206274050491295,1,351.7112590461669,2,0
48.326446412808366,3261.2045043278927,66,46.85204045052252,1,373.1934595008423,4,0
74.90530749792933,3628.414007174071,47,55.75136541237865,2,122.24859241664262,2,0
55.650283253855456,2781.297892436474,51,46.42305014922484,3,220.7709479063827,2,0
83.4698255619665,2264.7823262271527,27,37.82617902405244,1,150.94245751227265,4,0
99.19178536456842,1543.6368603222586,16,48.26141643660309,1,202.0860209907663,3,0
61.88313249777286,670.876975152664,11,42.67359325404794,3,125.87825602075382,2,0
67.4794082937397,4704.048335880806,68,24.31620775151345,2,193.26853043062988,4,0
59.058687099651806,1421.2787623569643,23,48.66010588828447,2,147.45182349102987,4,0
113.73572177947574,55.76321888229187,1,57.87632445986979,0,150.66472940593593,2,0
82.22475652880793,1591.977261873867,19,48.125937265115496,2,239.2647881754557,1,0
74.77521343459411,3441.578345599759,49,51.03507063056406,2,309.5477688429635,3,0
97.90705859513908,5161.548851404687,54,35.905117002848954,4,105.43506289841018,3,0
95.21642538453524,5361.224525721817,57,19.59126740698259,1,210.501589549378,4,0
69.23357564513697,1471.8829371716186,20,48.892064426388586,0,248.9138452336101,2,0
87.92116626819896,974.9228587080436,11,49.87199512689835,4,223.7759757795712,2,0
73.09823719467421,4414.88506586523,60,42.00150739079206,2,225.44398840802327,1,0
94.37971724264852,4294.794855864062,45,40.210851741275725,1,180.4320671808226,2,0
55.35076026559086,3533.690203481809,64,58.857490985457645,0,155.5615978875249,3,0
78.39178290396124,4818.842766713232,63,53.30461272833712,3,102.34202818046808,2,0
77.51164612887197,1039.841221897747,13,33.80547756638068,1,221.4202960598467,2,0
99.02337645600952,6185.710476291284,63,23.86223176072981,2,129.42891788426044,4,0
84.94785923092633,2714.343096239319,32,50.46646536251897,2,140.81994489888876,2,0
56.349236915933886,2418.096233900959,41,23.27222731460055,2,266.3062765951786,2,0
67.09272913691579,2124.544196158425,31,66.69664570939952,2,190.8017605723696,4,0
87.00205767048874,4395.815699572478,50,23.55581818133016,2,108.43416701687842,1,0
51.99982860381678,1327.146013663324,25,36.22576487657855,0,152.11554292410892,1,0
77.58801224156272,3989.176399170606,49,34.21486851947873,4,278.68058834033013,2,0
83.4916966247325,2933.202596999931,36,36.65375916454398,1,344.5331160328192,2,0
64.51206852955295,2464.716864065336,39,40.03397301978151,0,166.42168540625426,1,0
50.19450621361036,826.2289273200853,15,32.99486530842901,1,266.8424401780467,3,0
86.11964223244308,4002.721932478061,46,18.0,1,147.5942173109361,2,0
86.70117493622473,228.057178294906,3,49.10196880088443,1,98.8140694159948,2,0
59.18623325254994,914.4843835340116,14,49.0191535427398,1,121.75524235168056,4,0
88.59168939885421,3392.876289215172,37,26.48418668716576,4,277.07425536918225,2,0
50.56126325829099,3360.324357585384,69,34.43701668942306,1,118.65992913232584,3,0
45.75462074207873,966.1278049394252,23,34.4570474123764,2,167.556380614411,4,0
48.11453161648021,1211.9945098819007,28,39.10077663369383,2,218.4453391488288,3,0
85.0188919437936,848.7747480994119,11,36.0188144503169,2,170.24352007620624,3,0
70.76332624004016,2167.6455044250456,29,49.16480418196178,3,238.91259960865256,3,0
63.51025516962184,2221.174813764249,36,37.87956109188364,0,137.19807037642755,2,0
59.73898779113199,918.4760329429496,16,52.48410004375515,3,219.73094895674737,4,0
73.99164222177028,3473.9942225173795,47,50.83146130612322,2,157.20848698726215,3,0
85.30109691994036,4490.85506280616,53,34.71482218306806,1,60.735000039930384,3,0
53.4202233247798,2418.5535053553413,48,62.14142749913907,1,221.44343869953207,3,0
56.00245530804165,475.52926553619056,9,38.321468618951656,0,219.9146009903246,2,0
89.57472011874694,2711.3423955036424,28,33.32371343469459,3,248.84967128642683,2,0
68.92781079857316,3425.5541337548702,48,41.61815553658178,0,186.8515902293924,1,0
63.37743403435056,2780.875564160506,44,31.09131754819953,2,74.28336949690612,4,0
76.46937695713791,5241.993413484337,67,31.88787284560848,1,214.13859946466752,3,0
75.65956996103984,4790.315242674875,63,52.96935410034507,1,160.09777325429258,2,0
61.316669594968175,668.2903118418328,11,57.83791783515389,4,225.6553730239333,2,0
63.29978476133968,3301.106810580002,53,35.292583881081626,2,208.87434549667265,2,0
53.1824276572028,3099.87031358907,59,22.458181200216902,2,38.70048015514786,4,0
69.03971616499085,4633.430841250324,67,45.54313025836672,1,6.723296421314501,2,0
61.67309429400448,2286.016792543042,39,23.47483352761908,1,174.03496480296627,3,0
22.742717830955044,1419.9242343285357,68,53.70304247094617,3,200.3776041860299,2,0
81.0725279067797,3216.5714545141323,40,53.897121434426026,3,200.2809092004778,4,0
57.24615722373517,472.6062282745784,9,56.29836992534728,4,123.75677076677248,1,0
86.39521219220379,1990.6747149076152,25,37.486539415474,3,141.3173220086145,2,0
56.60705704712951,3261.406503025142,56,27.26624335480112,5,198.4985106106812,2,0
68.71846519673686,682.8666969785095,11,44.635782064495565,0,349.2285206124885,3,0
69.83486970664293,545.2174194686402,7,46.92529437960625,1,347.6872858476454,2,0
87.61071497847195,1436.6710926067094,15,20.03037546586702,1,271.09551092135155,3,0
66.40822998041796,4364.928777603987,67,44.95666631932493,2,206.4629168713537,3,0
80.25965699197448,2421.373465589723,30,66.7840399100835,1,124.6647450681325,3,0
73.14925504796918,2580.0320024538514,36,34.50161576208598,2,215.60414539137503,2,0
62.86673877853312,-71.82203645173843,1,47.75427412574757,2,205.0091321462725,3,0
90.91714656066738,4966.4612748478185,55,30.374082079409543,3,390.0114177575993,4,0
67.34397650976051,1880.877951799073,27,33.62048978397361,5,331.1625456655388,4,0
78.25637523375383,4231.714244743337,54,41.24953990356525,1,213.6120346969764,3,0
100.50888472880555,6447.739547316224,65,54.44024274558482,4,151.48423592651972,4,0
95.29250573936014,147.6261587307865,1,45.63951631086295,0,284.5217016295212,2,0
36.79049858474086,1481.6995013504113,39,46.665270131821984,1,177.36021105887204,1,0
82.69526263187045,4721.125769215865,56,62.04866790432241,5,252.46860267301628,1,0
93.55723877617156,5088.019188755248,53,55.31234248325838,0,137.49307400138903,4,0
43.60216881280179,2777.818209349856,63,40.76305792731224,2,0.0,3,0
44.86332374932637,2551.001089369905,57,42.41044675370867,2,306.119423637562,1,0
44.56506100939826,3175.332087769119,66,36.79612721553047,2,251.4087373930946,3,0
93.51821543669216,1374.070033820336,13,20.406205698219686,1,276.89535639912566,4,0
71.31612564925662,2240.493623129072,31,35.041556711993955,2,173.939330063627,3,0
64.94499398600479,3549.459225886249,52,56.784848644702834,1,94.04241991399483,1,0
62.767201362695744,1867.2930639342271,32,50.30377128657872,1,135.57646635523912,3,0
104.38069362169009,2490.68056827242,25,53.03909790636753,2,271.5693171727368,3,0
70.96217126273234,2319.5745816228105,33,28.892606267325885,0,249.1311742066447,2,0
25.276623159657788,1622.402717626619,67,57.55441697863306,1,332.8708315105272,2,0
71.62981797406823,2797.3378290271767,42,45.30928931272599,1,0.0,3,0
74.81873728141026,2995.205517587732,41,46.44104247351533,0,216.84551344741817,3,0
91.76440952898687,4463.5057916542,49,31.34326109433886,2,212.39229038313545,1,0
108.61701734096604,2579.3096796179084,23,41.242885573951696,0,330.6763591192471,2,0
46.35694217345879,2253.564568451486,46,48.91167511632421,4,139.99668843767614,1,0
55.29206372402142,1929.929458545624,39,45.36577088643256,1,253.4915166496952,4,0
66.43974771350953,1359.5574377974915,20,31.12155839635768,2,143.3590382563275,2,0
78.40359193976722,199.57462491000297,1,42.06555318842437,1,173.3355232226577,1,0
88.67170188789345,152.79625082262544,1,53.26717704742299,3,227.0189577776954,1,0
68.7051009702752,586.1253269981372,9,41.994811047188485,1,254.21274254084747,4,0
43.639123530490885,2960.587432912537,68,25.31835483414823,0,204.3867749893629,3,0
68.03816834412801,3456.493407950569,52,36.5691017545589,1,98.8560287129942,1,0
39.38974205288751,1477.766070067296,36,63.75946042096784,1,200.85193416824683,2,0
49.78765927856099,599.1518171939335,11,42.86851044657898,1,167.3441393982827,3,0
99.849107743031,6133.825870091117,61,52.94918490443277,3,0.0,3,0
63.0278497052298,4301.326962213877,69,53.51653868824579,3,144.89023003670397,2,0
75.23978393566682,3037.56861795016,39,47.56065453362382,1,168.28935551514763,3,0
53.53429670771018,3717.5150238344536,68,28.28407618271156,1,156.41766609457318,1,0
65.86675393604867,4351.688843369886,65,33.624954488382286,1,287.0875489572893,2,0
77.26891124270057,1375.9633275280407,18,65.00685299453217,1,84.77092829529792,2,0
21.50327349089502,1149.9334614982026,52,29.488129381868774,2,241.1388333510212,2,0
88.14210391600602,4273.817036503946,48,31.2737270301206,6,91.63176742334866,3,0
54.03874529517875,2262.3967954211703,45,31.97513452931627,2,165.10486512258058,3,0
86.14473069157133,1280.462486644105,14,30.505618588418784,1,178.463732820965,2,0
60.77625173726556,650.886061426042,13,24.51409656569077,3,421.65203310864536,1,0
72.4871726523783,935.7904871315976,12,42.80330787258069,2,226.28451873564185,1,0
65.329920137398,2784.438112289378,39,30.31500462158708,0,227.5172101053708,1,0
84.24529270941036,5951.836333497625,70,24.797918854583507,2,161.8393537616254,4,0
78.25824320617558,2002.5002131925696,25,34.402226667856375,5,185.96824049624192,2,0
56.607628002604834,3389.044501903992,58,40.55688560457451,1,321.6028666669257,1,0
49.2179123347122,1859.955789895597,38,62.90760592491623,1,164.53276723185945,4,0
86.2468265995364,4004.0056368582095,47,50.69265014805928,0,197.4795067270636,1,0
53.646634008425046,2358.5350733220125,40,18.0,7,301.27270462010256,1,0
68.02480388266574,134.44392531026216,2,31.059079575318894,2,25.36158783249905,4,0
54.700377675526376,3267.9458462502057,60,47.33412300273011,2,112.45346431301894,1,0
73.80420035718379,4205.7777880299545,57,43.881421965710814,1,80.20219018449575,3,0
67.11973305039415,1920.4764226665725,27,60.1002765621362,0,149.912143184257,3,0
76.02580967965152,2485.704388173725,32,33.14307509834506,1,304.6080964885474,3,0
60.48704464187122,179.39231199304808,2,58.99128315668591,1,37.13868988819812,1,0
72.8485117002588,3598.957479595452,50,35.7063398544703,4,222.02362595711628,1,0
69.96250616548458,964.0863285412644,13,25.291561006587223,2,71.50043611484895,1,0
100.47704034399608,4483.355998753371,44,44.28106431438156,2,171.06124205287023,3,0
63.7048370656508,3191.986525559698,49,50.05791230669082,1,145.45450641377855,2,0
72.79956212229128,4255.86626191075,58,53.42813681233858,1,243.8654629826329,2,0
84.22576680059055,1731.9175862104164,21,43.33002230977315,0,187.5602601751393,1,0
100.47327552957054,1210.1539259795898,12,39.32195046247486,3,266.7975899048278,2,0
56.70441495649239,3412.0242536322457,57,37.27522919917996,2,98.15810108781956,4,0
100.40332884413064,5500.320294567258,55,40.21755480658328,1,202.84671327870296,4,0
97.54514965734614,2296.440263589899,25,31.106825453705103,2,336.3091044248097,3,0
77.03358743499203,5467.417628326484,70,50.84619628208855,2,195.03188476084048,2,0
40.3608308779429,2310.53365212241,54,39.01755439126831,2,333.295286827003,2,0
114.76286676995906,7961.066338555522,71,21.72761272147164,1,0.0,1,0
84.85372442323236,203.9875176282456,2,46.425469546460455,1,152.94996264773167,2,0
53.531371880286684,2098.202260311648,39,38.5817684759596,3,318.1608994071632,2,0
72.69940219980589,927.6783845939254,12,31.616922563171595,3,280.76727213636843,2,0
70.59366460606661,939.1243728204544,12,47.46011806962022,6,229.3807451554282,2,0
54.48459959179556,3011.3321716608666,57,46.350088423161104,2,97.84771492745512,3,0
102.59222637291916,3922.5593530139977,40,31.977417041299827,1,291.55801493823185,4,0
85.44091854677009,355.5384813211413,5,43.38768226843956,1,301.06048254946177,2,0
70.05691831793622,1994.289912688872,28,68.68058131830996,5,201.801235291616,1,0
77.72372798349711,3902.159151684952,50,52.052577042491535,0,180.5031629748009,4,0
78.1871004985128,3609.584956885088,47,53.89742992821029,0,263.36194725152745,3,0
56.1589479655829,2658.061135337833,46,40.28367370833472,2,257.82032816241355,3,0
77.19374119132792,2640.917419712229,34,33.20728014806238,1,241.91125068896747,2,0
37.21206064918448,1231.089049921499,33,45.12396070306624,1,178.1580896805896,1,0
73.2888246045965,607.7639176856081,9,42.53820743458075,2,67.96215300468782,2,0
74.95959769495077,473.11739444217744,9,52.7745763334802,2,139.04759006720073,4,0
94.6374357724794,5393.619080093377,57,36.20374524803316,2,143.9056741548346,3,0
62.07688155180603,1498.2295285145376,22,38.59801639414589,0,260.64277361670304,1,0
25.27165299350705,657.3642389212761,29,36.47858529761728,0,181.79990829721447,3,0
89.66066792518481,5648.37959650525,63,32.90595514400576,1,109.60670834976304,4,0
100.3725912073099,336.3214218501494,4,36.25443647869357,1,0.0,1,0
66.95211003967144,3274.956027247081,51,30.656985699868883,1,215.0604335094509,2,0
56.682860659612246,3122.580133481796,55,39.115977209669154,1,109.80369068198392,2,0
44.47845295711301,234.8942572869937,6,41.41370363117213,5,171.3839086555016,1,0
50.54887352865069,3250.30014898178,68,42.77525145953334,0,147.04135158369354,2,0
87.41795613578799,5666.067064732718,64,37.69191576814852,3,178.96226804263875,4,0
48.099470851461646,1355.2249353251975,29,54.52672523603738,2,150.97764447169848,2,0
66.73128338687675,4428.630965614104,68,23.79988049974324,1,205.1127894734177,4,0
58.42799496062927,2527.477808295448,45,49.2827629084218,2,184.4393283468493,4,0
67.94178771474658,4395.59960193648,63,48.46778594677427,2,321.066654417651,3,0
32.630003734989,106.66502728720045,1,25.74965392788001,1,152.1261225435502,4,0
26.25828138723555,1357.9963095118908,50,42.99537098129324,1,202.0776000375156,2,0
51.58706914773268,1079.021051595574,25,61.423458141179154,1,229.4943761438849,2,0
91.38631938848695,1648.81684747541,17,21.288300731200465,4,135.9249263713043,3,0
70.1205865434207,1248.7647018141586,19,63.21816132504232,2,188.0981277530595,4,0
57.2449699509318,1390.9117266606863,23,39.85014931394596,4,67.86771281147918,2,0
105.0977236396222,4028.542340830603,38,41.76896767117909,4,261.78376057636723,2,0
63.17587870758654,3568.669397287362,56,46.3407356824353,1,317.0123733235928,2,0
97.499812629884,5056.299904462519,51,48.69523048241028,3,160.79672750273605,2,0
82.80437360839694,385.3043201989351,6,26.41038013404617,5,299.2191467388713,3,0
74.62034534686742,2449.0456080233416,34,50.62314897300466,2,0.0,2,0
48.22982889022142,1289.6209717651086,24,42.38604180381698,0,258.75938726853906,2,0
63.0348376232124,4172.747950459137,67,39.37904051947748,2,233.70934603965665,4,0
84.89638624790231,5148.844120924225,59,44.19661270881725,4,355.8816446253811,4,0
95.13641663696728,725.4446557323605,7,21.0697129783718,1,119.44836979423738,4,0
35.44661011758785,2007.0341282922168,61,19.54224223897407,3,124.10238604758726,4,0
75.57367033454109,1611.1471745452516,18,35.53517450509496,1,220.9132488446521,2,0
55.02345068861096,456.8515350572077,6,50.07143856979497,2,227.85368701517555,2,0
77.6574047805373,-4.953125248235807,2,32.33520200386464,2,120.39201322443044,1,0
27.55402233914816,453.11137165566,17,48.015783636560045,2,145.83820226570052,2,0
61.93267923795785,4161.455707215142,70,43.70189500625298,4,167.44882135972423,1,0
43.47469080119088,1826.660598303817,38,32.32431418045626,2,216.4825511372398,4,0
61.20655589148014,1469.5482593504405,21,24.358126190420982,5,98.83458042214068,3,0
69.72792228649298,4909.489698612118,71,48.83364498105581,7,282.9811156111457,2,0
71.86921658924302,3338.3196266864643,45,35.15340867126591,2,146.7342197620904,1,0
102.97635722971616,6378.765959913672,61,52.94735011230753,3,223.28728313769005,2,0
92.2680335607176,6006.981893586221,66,32.254147192514786,1,206.09816989659527,2,0
65.38191896943653,3973.709999611553,59,41.37834248599994,2,214.2738066742193,3,0
76.6112655309769,454.612683806892,7,45.01136169947657,2,166.738169076126,1,0
65.22869963592788,1300.61258808299,23,44.07709525308877,1,29.44113195358369,4,0
71.67985712263281,2559.723962274501,32,31.07714495844965,1,327.90279437340706,4,0
38.63119906337285,359.3450504751678,13,38.114168501473536,1,202.9417202715272,1,0
42.405500426825,1712.3353851261056,40,50.470732080850354,1,195.414176215018,1,0
43.81669371394837,665.8891606472646,20,30.61182102814448,1,311.471862494065,3,0
57.22196006630698,1923.9746360510087,38,60.16209970894134,4,174.67778698856574,2,0
91.78330764916768,5109.2583191197455,55,18.0,4,238.8017501601164,2,0
91.39837197854705,11.7069952929959,1,30.79322089408938,4,108.57836675902324,2,0
91.24428937845563,1356.383247260859,16,68.25397001638879,0,91.12798847520337,3,0
20.0,922.5568765475329,54,34.6410438868556,2,176.08181412513068,2,0
65.41146742112407,245.87910671440568,4,33.655650825632286,1,239.32782215875736,2,0
76.90248481224143,4606.292958122013,59,18.0,2,149.24884680418162,2,0
55.8167431678652,1184.711108485461,21,28.50206983717572,3,248.59869209312265,3,0
34.891963108983866,1565.9803789282678,45,26.797654453384663,5,144.78025345201164,1,0
99.43858737946545,2187.966173017371,23,38.16835673856499,2,84.80772950277822,2,0
62.83959794873316,3383.556652487021,53,18.0,2,99.96860685831794,4,0
76.01692804413162,2498.4723504451704,32,55.00174726680521,4,93.61030885352471,3,0
106.08872646805202,5142.1960267612485,47,39.87456743305022,1,127.25019049361212,4,0
73.36468684846864,3929.943693612001,53,29.56303640237322,1,106.4775698271374,1,0
82.19581012078558,4441.052052837823,56,38.135641627503006,2,152.30838257800528,4,0
41.85462873208465,2101.4578025603523,49,61.69767817222608,4,213.64467805815468,4,0
32.46262688252211,1765.8646709294244,53,42.45263761973814,0,90.47698244983717,1,0
55.29566087799847,3323.102104858649,60,46.80295257026847,4,192.4560162178073,1,0
85.07737557675273,5614.7289705072535,66,18.0,1,115.90813600150152,1,0
41.59574002102976,1884.515523173268,48,33.509999537969705,0,292.55111383960104,3,0
49.02016645363025,482.7184710324249,10,23.63801369406977,1,283.14375423932387,3,0
61.044571492955136,3764.008692036839,60,36.56131249283824,0,230.0402258549176,2,0
46.79740676932943,1920.6804025139943,44,43.20186830314356,2,221.4182502586256,2,0
50.26392221419356,3425.193347553593,69,60.441555677073566,6,347.47387861074776,1,0
74.2917214940847,3034.014963342095,41,50.89332132670129,2,240.1370835866716,4,0
89.53843129149965,2171.6846502427497,25,28.11473587741176,3,221.584740124559,4,0
43.58794840420696,511.6012148748025,13,26.622712443759795,2,107.33868178041142,3,0
48.14729350986536,1365.696352800187,30,64.57279583680636,0,255.455508811249,4,0
76.61633542551506,5509.145543073651,70,48.244750672587614,2,242.5191142196544,1,0
69.82679066516829,875.7321878225974,13,29.259458326429023,2,189.8614313896698,1,0
53.892669638687686,2072.4817616623704,33,39.29101333498726,1,77.54722569821915,2,0
62.82128147515478,2205.523637285024,35,44.8829122486837,1,182.70073739460503,4,0
62.18200412489798,3852.24416898488,64,42.08553345382606,1,17.943695676662344,1,0
40.69767555890098,2455.464197054253,59,42.65053362370579,1,211.7046607957064,2,0
59.02089807608518,1436.5920008756548,23,26.089298650775536,3,239.99920055277784,4,0
34.524572934872964,1255.4194376769487,36,46.3466038253387,2,123.065214584255,2,0
52.76490208280629,3215.8019813062338,65,35.202791015798915,1,177.29416254670562,2,0
56.80879823455408,1976.194803514741,35,20.399474592827417,2,179.48223919605482,3,0
44.52859526375512,2527.877250904954,56,30.45797844203328,4,298.05467829089343,2,0
48.30462457493836,2873.020493948102,59,25.40244645747492,0,172.22810962475964,2,0
64.54691076924432,2394.0856211950154,36,38.46092905254476,1,274.6857142333281,2,0
65.70033910072218,3066.076026039079,47,24.79458093400421,1,205.56299590013293,3,0
52.79146479815523,3086.435672274217,59,53.71868833142267,3,166.73168196228931,1,0
72.07136074646657,1756.8688003146058,25,50.89663218199821,1,249.58639454068648,1,0
58.95783857023784,383.9556643157728,6,57.98135344790266,3,216.08885791248247,1,0
48.9956201948382,533.4717729357446,12,32.51545719619936,1,252.0254703049092,3,0
89.95914771354322,3266.506190156714,35,56.49261922147606,2,171.25980194522296,1,0
117.84730531875452,8074.342792254205,68,25.24076427986117,3,189.74211305691617,2,0
37.99118933887457,1930.496105794196,51,48.36119183615483,2,200.83115088226617,4,0
64.3150580315874,3992.28977526536,63,55.96447007825927,1,217.71486073485173,1,0
96.405366378642,77.03423433437496,2,49.860997295075535,4,210.28542615758096,2,0
83.82845090513578,726.133198654422,8,27.919976003645992,1,151.1631679792372,4,0
43.0728487852552,2327.6106097362463,54,40.003762396473405,1,152.38268590858104,3,0
41.68962459131448,2576.744618066926,59,45.03590370975347,1,131.67859205109923,4,0
81.37008413335751,913.3094159850178,10,54.11016411229791,1,277.51512123653134,2,0
72.18806312882525,2769.184862622928,37,33.334553561140474,3,248.3408999722569,3,0
56.14154407255126,1575.299146281258,28,46.97472028286434,4,217.481170207649,2,0
50.01238501452963,509.7564966497372,9,34.31181227235364,0,126.54817956936203,4,0
82.00350472659187,416.8207494261246,6,31.413092686882347,1,226.9614316456055,1,0
71.37576665051955,3315.431939021749,46,47.80581716786235,0,242.5920689920107,2,0
35.820164469015936,263.17166314317467,5,37.4415075973761,1,163.35292928264371,3,0
98.57327668878597,5178.084925230211,53,42.80940336036884,0,126.19864680965377,4,0
65.75839755448749,4018.57416005524,63,24.8776495456412,3,98.88437122257342,3,0
96.18701948066182,3662.850216847457,39,28.83436075590313,5,187.74953980359896,1,0
69.7633901104236,4896.816951826063,70,28.33669691097387,0,263.02709250410294,4,0
34.56933790980306,2042.4050083516515,61,47.44681117169125,2,152.61640268697556,4,0
59.01492822543874,3448.751668952872,59,40.93735712753784,2,117.12078370217384,1,0
73.22912726815271,43.84767272640156,3,64.00477587796894,5,165.0448480152457,3,0
107.37452913679616,5430.262888771322,51,22.25968305034928,1,292.3388617494818,2,0
61.42174742287646,4434.1188862606,69,21.94881314577522,2,212.07184481834324,2,0
76.14768437254828,5485.680891648007,69,33.334548059123364,2,369.1114205995151,4,0
75.67450711542075,1648.6635588149854,21,57.84197280861805,3,147.107987488408,4,0
48.287387933988775,1034.5938835785694,21,18.0,1,282.9935014939602,4,0
60.58428884585319,3133.970064583667,50,37.55562937719105,1,239.02374496303696,2,0
53.087111432095405,993.1507278721018,22,55.45196176118256,2,185.1171809888244,1,0
54.01321691605735,2998.612490454006,59,34.363568110564444,0,232.27789575285243,1,0
81.07748940863735,5159.434500891473,62,45.06432211057067,0,303.5019962118102,1,0
28.952031900467887,1586.6235724764908,55,40.17097035283523,2,333.5473739319052,2,0
85.04067336534563,339.48848317409227,3,45.61529061292968,1,177.6378509343123,3,0
47.77139104475291,1629.8125334635258,34,56.65301104303244,0,134.47621737614267,1,0
61.687612476884986,212.4800579349374,2,44.17979769700455,2,243.77054940916813,4,0
76.89874671386794,4491.091547987788,59,55.56258834990404,2,158.27875227235222,2,0
141.43158436052622,169.18922407441184,1,37.23503845928676,1,133.68898610009518,1,0
41.64211023940661,1975.8309216056984,46,40.247973094647925,0,108.9824676403951,4,0
68.02630606380973,1659.1574925205553,23,49.64167626175324,3,104.49922352530425,1,0
84.0662023561346,1800.6554266353794,21,30.7899082029372,1,255.901236466254,3,0
61.46620460012398,990.5464664252607,15,41.79118858521727,2,79.42918920832403,2,0
77.43049363599535,5041.857650392886,63,35.89528696426943,2,209.33468434247,2,0
75.59325340315922,2100.202905069245,27,32.65844591436704,0,299.9702624123688,3,0
104.88082174021667,5996.244358279068,57,45.98019724961944,2,183.70559961174948,2,0
78.5229327938062,845.3642871835079,10,46.88966874049871,5,170.9876952237269,3,0
95.0667189371199,2798.122654234688,29,30.4824364218132,0,366.2302778795571,1,0
32.76048578416426,1010.6609274266845,24,50.96635842440159,3,309.4062043830286,4,0
66.60512364401743,2001.358562884804,30,56.809037264767134,1,170.0274316375962,4,0
61.31990523402703,4110.985565195346,66,51.03649233277124,0,118.04991372561716,1,0
49.22423579590093,3429.4085937062378,68,33.127412962323724,2,214.9987404318072,2,0
45.73230438104706,11.933642450879049,1,23.67676617165519,1,210.59366918145128,3,0
63.04071324130148,4411.726193310749,68,34.22116442036735,2,172.78799113208694,1,0
73.21088842959436,136.73968860141653,3,18.0,4,321.47149804982405,4,0
54.54582571505617,2795.8417056805124,50,44.64472175781689,2,121.94055326673592,1,0
47.99913774758606,1021.4218023997988,18,44.56023508219792,0,276.57485825219834,2,0
57.54673022238214,2969.4086006975185,51,24.156714240361342,4,200.7443007026013,1,0
59.40171802732647,2331.1150593595034,38,18.868040477788217,2,58.48632483655891,1,0
20.0,1437.2123829943637,66,46.36816124824407,2,213.32090023950715,1,0
46.31345322976672,1111.4321729382175,26,47.12047491073257,1,270.22500484241334,2,0
87.7488463689318,1717.2528724022798,19,26.2495752758066,2,406.4950177911875,2,0
58.26768098295573,1093.9402790626666,21,52.121059419199725,2,200.3013693611814,3,0
20.0,267.82936418876096,16,28.010936448300715,1,362.5649630138052,3,0
34.26946294641989,1502.465950334428,47,33.435466574196724,4,185.0914179325509,4,0
64.86309277951105,4137.411328859111,63,52.7600071182238,2,109.2976086967222,4,0
55.83355031172904,488.5638026104497,10,32.44156596035846,2,347.1432646948711,1,0
90.08107795757756,289.76203309800303,4,40.90979164096889,1,286.9100107672964,1,0
88.461291425979,4346.603388229486,51,38.973626613095,2,284.37699421983064,3,0
55.21715451288435,2275.7950629972006,38,49.95692972282184,3,184.7939701398144,1,0
85.89725335586436,1237.9079799081956,16,32.31380017683484,2,183.2984281123032,4,0
56.35098131600039,3697.2910397294,67,28.95419053386093,1,282.61477151224784,3,0
72.52361361761238,4223.479597568755,62,43.76662634856607,3,164.55063530737874,4,0
67.03189224880258,538.8666506215683,11,35.11912494375847,2,296.3365633489996,3,0
76.0757586157238,2248.7467083494817,28,29.500550655920044,2,44.74478997632767,1,0
94.41137827429054,1655.6675202591189,18,65.04681786097453,3,177.46220183560396,4,0
79.99480289730346,1294.0785954734215,18,52.504644518178615,1,289.1478392595015,2,0
21.23078871909953,17.712640585779525,4,37.08060190361316,2,247.58306151812,2,0
32.2301523922637,411.5916854654199,11,44.20372046905328,3,192.83907612614,1,0
73.72859200798939,2471.8207212443413,33,52.19749899270205,3,84.74884135623657,1,0
43.41842341655679,2640.723294333733,63,31.37809398747137,3,212.31812729992149,4,0
47.049491826455856,2199.839973398773,48,56.26437897313393,3,267.6972710349233,4,0
56.42227696755892,3556.498555970998,62,35.59459440782035,2,193.85451384143465,4,0
65.0636844611785,3591.753573109867,54,46.39692247218179,0,333.26533756136496,2,0
82.63896568018666,1436.9072872788431,18,59.35123290422817,1,135.84084476107202,3,0
34.74204531197851,2160.917199571243,65,33.53624224645529,2,40.93529194446799,1,0
73.35884590803336,1818.7110343889044,24,44.203772475832686,2,325.87460100442075,1,0
93.99975297165228,3960.633429446012,42,31.57259099811224,2,186.06649463642225,2,0
58.5808382628514,2463.285826605624,40,54.89723541253676,1,215.82495475813488,4,0
75.02928368087188,3659.492911614271,52,39.22856217403526,2,0.0,2,0
62.56439970739157,3054.8350910332388,45,56.04256091775381,3,254.9283712326561,3,0
92.6230381061198,1169.5929639728902,12,51.05658766714947,1,264.78706158892066,2,0
56.615887890711015,963.4582523880154,17,43.46274252953797,1,135.78508678129123,4,0
125.3320614220374,8036.894805062033,64,50.73158800090344,2,300.85404508484726,4,0
76.2316300676576,5251.526110907712,70,64.32794694789683,3,85.40167176201652,2,0
33.84757445514856,1108.4145380302266,30,34.2889019285421,1,142.31323454848012,4,0
62.924913324373016,262.1996713126272,5,22.242003880193952,1,163.29872052536402,4,0
86.83879146049154,2606.013022928468,29,52.562134258358,4,262.4388733454843,2,0
50.84836322486732,2093.966609619913,44,44.80897813115242,2,149.7976818531056,1,0
77.20101456161673,4305.311563024695,57,23.095365729360843,1,210.20809039240623,1,0
26.611840831759267,1849.281312231621,64,29.18742598153422,1,332.736590305883,4,0
58.03789337318349,1547.7991907736366,27,39.625147175958816,3,169.12322736307982,1,0
81.70636060184572,1234.6989364342862,15,53.76053541570097,3,306.41993476454843,1,0
51.37995992250553,2573.7225034893872,50,27.70581436817508,2,102.8781433102742,1,0
91.15390202856432,4012.945789856904,45,18.0,0,181.39353004871649,1,1
82.57321102409658,3301.420834410047,41,42.29875935145736,1,166.2714716161572,4,1
96.2228296354428,4784.509940891759,48,30.069192467611185,2,290.9452174384987,3,1
109.07029122164892,7492.288333584585,69,33.83534822833023,0,299.9866731726587,3,1
67.56715333435777,3023.927342331411,46,35.645630880185415,1,192.4323055566257,3,1
75.56067424045742,2460.676316563034,32,31.61185371530694,3,245.89735265483617,4,1
90.13527041282585,4323.574001956007,47,54.65538150586902,0,204.67876120319252,1,1
68.23678242359999,465.08959333571926,8,38.6845499112295,3,248.00090964908787,3,1
81.92000918729427,3697.319373516704,45,48.26935449650053,2,187.4703473190461,2,1
60.65493035893288,928.118492115414,15,48.313224173456334,2,238.5880002466945,2,1
81.61789403248049,4244.536042667327,52,45.70560444650647,3,120.9672054765215,2,1
65.29048090091612,784.2312804290513,10,52.97818204069335,1,176.55286752469993,1,1
57.84688532046872,1585.8411806907652,25,46.89741289024364,1,66.85734650869328,2,1
109.03007736349406,7491.262400958011,69,37.44836858123541,0,291.1763866303892,3,1
87.68476534706392,1572.1827568010467,18,26.569228894006187,4,330.9727011103204,2,1
57.11236240359209,1509.2296148820749,28,38.05500233072323,2,238.1138336055781,2,1
78.8563200290433,1079.5786244031588,13,30.86775235976483,1,166.07930819428952,2,1
98.37458551020126,2318.621983517972,26,48.59137778388903,2,204.366150535014,2,1
43.346030159263336,547.2543368601041,14,39.76821865123325,4,258.53311642886814,1,1
60.31211146531702,1546.6554047574189,25,39.13130367595009,0,352.9948225553913,2,1
31.15735668163505,1973.7065357681947,58,49.06346393473643,4,256.48730061478176,4,1
70.26430097206928,1078.6957164071453,15,25.544805500756524,2,209.417440253866,1,1
73.96964055003784,2396.5055749654084,33,53.30339560520693,2,311.2702731096031,3,1
50.001328934682135,502.6088174420715,10,39.61479707376729,2,239.12998744679223,2,1
55.60543385947141,1227.1625314906985,20,44.68716453453289,0,390.5836993061397,2,1
80.82462594395345,1865.305611083199,24,51.25749040363934,1,178.09937963925705,4,1
96.48782641505431,1041.8890979420348,11,48.44326850335665,3,236.8746069339356,1,1
93.64663293507972,5549.446654340351,59,56.03130939114452,0,256.74092784244567,3,1
51.50319294854553,1067.3479900550517,22,24.67349803627364,1,79.30164500401709,3,1
93.07867211383744,1039.5751552170705,11,49.10411856514936,3,239.24214040949056,1,1
75.39070057551305,271.1380992859295,6,37.25349788090593,0,309.14045284581243,2,1
80.41665005302414,538.6548084575181,5,27.245422027585107,5,305.2036259095641,1,1
69.63104883172956,2961.279811453769,45,41.2899989186167,2,302.3171556818011,3,1
71.53323004839571,1870.881004431213,25,37.45823822618097,2,106.20149975629224,2,1
95.28857259782406,975.4243755536288,9,53.53559333088864,2,187.01701918170292,1,1
52.41119653657825,1418.9473172035553,29,54.12366004188526,1,224.35462613062745,2,1
78.05712239132194,2962.116746483669,37,45.76225187472459,0,134.16685864488315,1,1
54.15816098942032,40.17564957158925,4,22.301924075195245,5,404.3384476778468,2,1
86.33667028749541,4270.023507782237,50,51.449624029903376,2,166.50626908112176,2,1
82.01142188621014,1440.6830624634017,17,26.509131706548324,3,116.3771798368373,3,1
67.53581396453822,3151.3642626467545,46,27.045939819299434,3,156.66899883799712,4,1
88.40290920449986,2611.0116861932893,30,31.853814861392262,1,202.18659569043612,1,1
89.1203038993001,4872.004049536813,55,42.41869655942303,2,27.848247202512667,4,1
84.03435804493542,937.6260279106948,13,36.67798998205908,4,178.90264792897878,2,1
96.33211191727104,1038.7081961420365,11,48.94283279020145,4,236.88077832735544,1,1
62.24182862049637,1697.2665659183451,27,57.12665154045368,3,177.20379787816995,3,1
35.09759296541177,1956.0924531504195,54,45.50203506849196,3,259.64074514795107,3,1
35.482199904198595,250.1263744440812,6,38.09923286319413,0,232.75364224603544,4,1
60.56971044741483,928.0107412834592,15,48.15819213007328,2,238.5500411004777,2,1
44.88641640892195,1092.9017431379975,24,36.21688241368624,1,87.06293057224627,4,1
79.70950452156184,79.33831967057188,3,49.24855902573633,2,128.15322560920094,1,1
76.14843006851498,56.21671506892052,3,42.09219920210735,2,140.47573914345054,1,1
53.73917005434678,1069.073794308982,21,23.305507358043045,2,80.3701557219928,3,1
60.35269369783017,591.3861025422368,14,47.51221091540367,4,290.55005765899995,1,1
71.26584055107628,1106.099696881453,14,24.2753715969927,2,184.73554326376063,2,1
71.19673063637237,3051.157265896112,44,32.585378909906154,1,203.18421442033497,3,1
76.40628668746274,46.49933991492596,1,31.30179370600207,2,353.5627940115543,4,1
87.26833975663958,1252.3456915525462,14,28.252276805218862,1,292.6692316198741,2,1
75.5329689490893,1068.4902853059457,15,41.20903052187796,2,240.10151881252827,2,1
69.45313846932424,2393.76966939197,34,53.90770382986489,2,298.99047903399673,3,1
89.74830459338668,2045.794713567287,30,51.22800918883051,3,242.19908639787025,2,1
89.87613414272819,4916.290080453531,55,51.12204839452527,1,278.7605995216984,4,1
91.9052782370979,1092.3390827800424,10,46.02344728803388,0,63.0858102066629,3,1
68.78411787976718,3568.1910989501184,51,54.05024025668207,1,95.9926068148346,1,1
80.13336097650695,2604.1316649135765,32,40.13029680025696,0,103.51121489231878,2,1
96.95253458279264,1519.7496259280938,16,38.27065064834031,1,156.1350571750355,1,1
62.13585506873178,1949.7541299302009,31,36.30746054511049,1,130.52468841037904,3,1
100.33947356493223,3991.322972276831,39,18.0,2,120.9490095683992,1,1
64.05863517878164,455.3963432107092,7,45.74997568597382,3,249.2557472154804,1,1
41.94021824554321,1434.291387130311,35,64.17297618945904,1,224.07442976144648,2,1
97.57357319576111,1263.6356109058745,12,43.43572159705513,0,238.48809136611047,2,1
76.20245041253052,293.7689161866765,2,34.96848440548612,0,93.7096690443228,2,1
78.45838559231898,4698.409650722563,59,38.63739376817831,2,112.47414429002184,4,1
37.88074478565194,2579.5822707293296,65,49.22327918343953,3,213.3875840263871,2,1
76.98793803918468,3157.879439208662,40,25.25631430558894,2,209.99254485731709,3,1
57.14056675231294,1433.7164064919905,27,53.35570408283069,1,211.4546050050032,2,1
88.57086726459217,992.0962678993138,9,55.47369798967779,1,189.7199756960173,1,1
90.2860776706692,2373.8265386486987,27,61.29447097836877,5,182.08187343352984,3,1
51.88479101843533,1101.4293639348673,22,38.18641280421401,1,106.90178033881364,3,1
71.8453049602849,1901.6287654011933,25,34.60292723365977,2,116.7181271605487,2,1
54.91493012312701,804.1405470424727,13,36.89157179732437,1,124.19669406257954,2,1
68.92644571993534,3213.4564859950983,47,25.73732067219304,2,142.53319840427568,4,1
65.0959331662961,783.9380516292557,11,53.040474600192255,2,174.62532743245137,2,1
40.628318200907806,2710.6568077724096,68,32.83959551188308,3,194.79275527393776,3,1
59.76317722658837,1615.1889536681572,25,56.53948907405472,2,99.0203838187937,2,1
81.02138251015754,773.4248532995927,10,19.996830691313765,1,136.98632829780357,1,1
82.35236763271398,3692.798530465598,44,48.76599216734416,3,190.20566710988285,2,1
102.44416975700304,2442.020999845043,24,42.42989358816698,1,307.93833079655195,3,1
96.61184420650672,1021.8243133289023,11,55.62490590226382,1,180.1114834807532,1,1
67.77158014765406,2356.1598690945384,34,54.38432621732038,2,302.5993807240428,3,1
87.42226170745636,3567.430287630605,43,48.2402971936638,1,234.50870621791648,2,1
66.53672669782581,1228.9179629025502,18,23.30802689325261,2,349.90444526894026,2,1
50.60417575384625,1924.634004985375,43,52.80943898693311,3,248.0736813223991,3,1
95.9208267771066,1741.9819371153103,18,43.69956446662545,1,159.6122836128527,4,1
59.212197610429314,3867.513714246672,64,44.61038362053828,0,278.07297449525754,1,1
97.42228276197169,1263.434173772274,12,43.39489746556752,0,238.304143300358,2,1
86.34376560234816,3053.419063987329,34,35.33859502429522,1,278.3159589890772,3,1
59.99506233777764,1218.9088170649998,20,31.26257195579835,4,327.88751860770145,2,1
85.88454844614361,1228.530695424074,12,44.48662269586183,1,223.82813501964336,4,1
61.03348334290357,983.2258627260024,18,32.394348347343985,2,270.8137163837023,2,1
85.59408170097063,2878.54928207733,35,40.58753545049152,2,295.4911551869774,3,1
80.10966445284734,526.2240637088668,5,29.47592796599778,4,294.8021490968736,1,1
64.01090723096061,1235.350572320627,20,37.51135920544983,4,241.78838395997963,2,1
44.652959019795446,1083.0894392382656,26,36.30552496831447,1,9.174166631539292,3,1
58.32554345187715,925.1732487713564,15,44.07560404926629,2,237.5504312487283,2,1
71.88305771044423,2278.508125184102,31,39.95397771483383,1,152.5226112826376,4,1
99.81464056301598,1710.1726476700758,17,41.75012324418248,1,154.8438448404329,4,1
60.161624044832486,3341.175657293971,52,32.87259648812792,1,206.01439949937412,3,1
68.49758824052337,571.7806956486902,6,43.28831989666273,0,151.4075898127125,4,1
74.44779744850096,3526.019616936295,51,41.538436324144925,1,189.80570558735627,3,1
68.92252972870713,1674.1447953571962,23,68.38571957945437,3,167.64480031177897,3,1
94.70932418358744,1065.3921758160147,10,47.65375976623619,1,65.107894911418,2,1
60.30084920468983,982.5678074340676,18,31.869975431356814,2,268.3920053444907,1,1
61.93013822236809,3029.7894578100104,52,31.40315807127708,1,225.2244114583852,3,1
110.04321428957748,231.8739390774608,2,25.643418598342897,2,128.00475756649143,3,1
64.56202469882659,1223.935867631854,20,40.433215589647375,5,294.78802189805714,2,1
64.36089153102803,165.72458906239825,2,42.8116345549205,2,273.2461977374845,2,1
83.3377079826539,3648.897482954837,44,49.99122027396451,3,212.6789047261585,2,1
62.05273016379205,3505.511025766779,58,41.09396171268826,1,204.05379216781165,4,1
69.82194349975394,3034.284725929506,45,34.199521751962706,1,203.887787226253,3,1
82.8558030973651,3563.9562448462902,45,49.35289965084201,1,251.9587505340507,2,1
92.52684306046974,5727.957997998636,61,54.67819702507308,0,232.50658021080537,2,1
76.86228026698876,1102.4896202719517,14,37.09540975358315,0,67.67886846501327,4,1
60.928616476249424,928.4645369106972,15,48.811113894970205,2,238.70990710108669,3,1
58.52952656251363,1433.6638665783223,26,52.367255942617305,1,210.3014453001012,2,1
71.75460927733153,2156.995388976988,31,18.6731932811202,2,242.0911932028988,2,1
64.86315302057584,776.574201267183,10,30.57626443216565,1,153.6114796106018,2,1
56.1805731732366,1097.8950543305764,21,39.90492317545617,1,101.63257064191605,4,1
66.61324874779956,610.5715671350118,12,45.39534325781662,2,288.2927317221272,2,1
83.73373096899118,145.2938641004341,2,29.9474903306992,2,233.9189799605007,3,1
68.26967921380191,1518.4378340216106,20,26.670727361157446,1,140.47645383622313,4,1
69.49693798651526,1876.9595934123288,30,56.44868794214102,2,239.8997733831657,2,1
90.15629052998996,1254.647539078209,16,43.4834843286129,2,263.0631166899719,1,1
65.48240358578275,1400.0781263143356,21,40.04549878694876,1,243.10602604691195,3,1
35.97302437587041,510.83656338096125,14,32.85938484220976,3,205.62015822295143,1,1
69.12537873718382,1082.822644708647,16,24.96501506796164,2,211.48816525679703,1,1
59.4611547810061,2996.715634025011,52,36.871445645477394,3,178.54587114118576,3,1
66.29702181738493,2745.808837911034,40,38.83844461906218,3,177.96409675770607,4,1
42.77365901998862,520.7237557089561,12,32.4806000617758,4,251.9303496548345,1,1
61.52502056800896,1435.0830771006094,24,56.95966428959227,2,222.07054888909693,1,1
85.64880808208885,2628.983722542622,31,37.29220410693624,1,83.83824844168893,2,1
53.96856438395159,599.6782028588661,11,20.449915770908152,0,197.3345602416709,2,1
51.65318782119437,2993.276124461732,55,41.40017052490732,1,204.47101615354137,3,1
64.42053241052653,168.8093278332614,2,43.639966576583056,2,273.9873947905152,2,1
37.29954750000804,257.995505709333,5,30.056164348789,0,256.719411022298,3,1
51.693858601120425,1513.74931728333,30,42.24975075018373,0,262.76551888485795,1,1
63.26054039081538,2540.894463160487,42,44.22645673580205,0,119.2207936307054,2,1
92.51822845211188,924.1856661292384,8,32.72023491984716,1,231.3675745954737,1,1
108.1332565993555,3577.810754545028,33,42.6448487894679,1,148.48136518174067,3,1
76.16652793537256,1084.494296768714,15,38.67499896379131,1,240.09254715466776,3,1
70.65148047354545,3147.340009645937,45,28.171782353351613,3,155.3284114650391,4,1
84.6689009926374,1203.8654179607297,14,49.01030449601315,1,113.5191396632212,2,1
64.15991674459518,-21.623180864773246,3,18.0,2,181.96002138392345,1,1
79.8102449420286,1873.7672637513576,22,43.59300115183631,3,86.48109139032765,2,1
80.50332498174645,1440.0205152878525,17,28.41478855077865,2,124.4024302612132,3,1
66.29757110362863,463.4236655218526,7,45.81056633839293,2,247.48669460845983,1,1
60.04862433902009,1435.7169624255596,25,60.54655589851289,2,228.6734195900868,1,1
42.39297352691402,250.8198670327148,7,26.77386497707993,0,223.176544111213,1,1
69.30090416805555,4640.200648498235,64,27.90561687372116,2,207.3316926044249,3,1
79.5704414850826,2601.5952055162534,32,40.41995920929764,0,105.51908407449064,3,1
94.82469763157154,5491.49114557817,56,40.53576718981852,2,257.54738224702345,3,1
83.726924297425,3964.1847483885326,48,21.53608261173472,1,75.01327535446595,1,1
110.9031450934926,3095.605117378674,29,41.105618113181386,3,149.41381729862175,3,1
96.61261552721297,1563.9948073340329,17,21.916379186043976,6,259.26973156401164,2,1
81.58443051271949,4632.65305020106,56,45.41494002993189,2,224.7750051974509,3,1
82.09721551935634,3562.316524001771,46,49.20543367140032,1,251.6811166637985,2,1
102.74213676693375,128.82379617333322,2,37.54036842786488,2,145.70631613092857,2,1
65.97918330788015,1792.2139912885802,29,46.90458092023118,1,220.1101324182577,2,1
83.77890205008836,5327.995098332725,62,33.32718710559316,1,325.32069788520965,3,1
103.81015480241014,4945.110896338925,47,32.02166089089309,1,266.37331577313915,2,1
61.82012297221085,1427.9631747377505,24,56.30951983528895,1,227.9618657948667,1,1
63.123879313804565,1507.4987217939042,29,54.51621173728387,3,194.7848714394281,1,1
86.80574572612193,5647.4506533965405,65,25.283721540494007,1,250.45667025576603,2,1
60.5953650559567,953.4438349191456,16,41.01610954991418,2,252.40745652968843,2,1
60.52239882910906,1435.5135490798016,24,59.39552495596936,2,226.5545631218423,1,1
70.09727918787955,11.404410030013707,2,24.44905965986522,2,265.1575617257587,2,1
77.43908228089657,1542.547562577244,22,30.59566156993099,3,260.76190541309165,1,1
68.7060513474888,1506.1464730159428,24,34.285695378172264,5,202.9672228339849,3,1
85.94041083138356,2132.3089827089334,26,29.27568126982966,2,240.05265788105984,2,1
77.47831040742933,3043.1517571683416,39,34.72737896126741,1,238.37849822320723,3,1
66.79443428857512,725.0962754595853,10,34.55537178889299,2,137.3706968776458,3,1
69.65003782588836,3312.021721049634,48,28.08202533682522,1,151.5573389371026,3,1
61.84974815217062,2996.646004331805,51,35.80536348766873,4,174.29302397253468,3,1
66.08286970549558,1110.8097927985268,17,23.85159241677644,1,229.94949679562944,1,1
92.81312485894928,2836.3312454584257,32,38.2990236528318,2,285.0356662903675,4,1
121.1970046126494,3082.054467497362,26,46.4363497636476,3,133.58003395912343,4,1
58.9857770567327,3344.7885444335056,52,33.466265650278444,1,212.7629638137552,3,1
96.33570561138256,1721.4796013644536,18,42.25299860663892,1,149.79523369240462,4,1
92.93171523582303,3998.572240611447,43,21.175427129944868,0,205.313299923346,1,1
82.03184324150853,755.4280735578561,9,21.01350817945873,2,131.1154961752173,1,1
85.78985020904967,1012.5333911523082,10,38.55617820246249,1,252.109736109214,2,1
46.76050884913362,1522.0650927108695,36,41.22956566171483,3,181.62231871020688,2,1
83.6014306573486,3679.7380294967065,44,50.20075482287465,4,198.1078761391728,2,1
73.86099237862051,3305.044242712424,44,57.75231148042151,1,125.35782777117996,2,1
77.48632132558417,404.4047824666876,4,62.63961577113854,1,292.02074416098867,3,1
40.76167387274803,263.12289896192897,5,21.232916508869,0,268.3906322295087,1,1
66.36934153648329,3306.2913610657347,48,54.90132348021056,2,95.3464489238143,2,1
98.17585803565284,3788.7192979360434,38,41.29938773400404,3,182.3192386020048,1,1
71.6519083907254,177.48402149890828,3,41.309165384650974,2,34.65625012583942,1,1
75.03567072626542,1877.162927443888,24,36.54565060564967,2,120.93469025943948,2,1
70.63786448863364,471.7572236416127,8,36.113948100691694,2,246.85509177645068,4,1
73.59503131542631,3805.8019773581273,50,74.43317078722677,0,137.5354419604707,3,1
80.834381898557,142.7214244682907,2,30.320286683196343,2,238.2623885030988,3,1
97.03015068615206,2327.7978324923843,26,50.70282790579297,2,200.6621597918053,2,1
52.81199313321106,527.0552223091879,10,32.57248059884736,1,101.61683150246937,2,1
44.22034998910917,506.98064681661367,12,37.97866399018584,2,238.23823371568872,1,1
80.024979791348,994.1536975321284,13,44.37700815542676,1,324.33993983140226,3,1
87.00783903261741,5168.236404150826,58,39.30209411854362,1,328.7244159715548,3,1
70.79430337464125,1209.169996398257,18,43.98224752275074,4,261.31997482059137,2,1
73.75542036865947,734.2003755376455,9,27.581732797493142,2,136.33994618609825,2,1
90.571579539665,4917.728524118356,54,50.1687502120742,1,278.142351589254,3,1
85.6888297856537,3817.957043740264,46,36.6070177917203,0,198.90824891331263,2,1
78.51483870452239,1023.0834433636392,15,52.754783736618656,2,64.54181859544026,1,1
70.51795679972543,781.842939919018,10,42.666606668224446,2,163.08535001144247,1,1
99.66078349530603,2164.363457487181,23,61.211380499668834,0,115.79640411863352,1,1
75.3899323097711,3441.37294566004,46,39.53939186054473,2,133.19258158854586,3,1
59.202122667910686,2984.8106807534145,51,38.6279493244884,4,157.3441589175276,3,1
76.0844868961213,3305.4386748627003,43,58.26438990222216,1,137.2454945778181,2,1
73.82762997538569,4442.038924974798,60,37.10098148109618,2,207.33227826066343,4,1
98.68430426509612,4939.390599617077,50,36.53007172231008,2,82.15730168374301,3,1
74.07518978019552,2281.8274835827497,30,40.66870892376099,1,156.81258224481013,3,1
96.42650038008732,3782.907137154599,39,43.24721251176271,3,187.140636381262,1,1
74.01320017438394,2935.120148205964,40,52.03587310771596,0,157.80095669246637,1,1
93.83599259768988,1020.5045563428664,11,41.33887017732441,2,178.91745002599845,2,1
109.69164796917131,1306.15300106402,12,57.953786094748246,2,187.20524088486545,1,1
68.97029329601312,3214.0494680774764,47,25.73474947192672,2,142.37668334240487,4,1
61.498477925983565,1736.6551678578664,31,39.70898726926162,1,206.82786425022687,3,1
67.5328323136732,473.953395662956,9,35.14203205528872,3,246.4213998567264,3,1
102.58242410664997,3920.546642285353,38,38.41296516065633,1,335.1597508185834,3,1
49.579869596275664,270.0902563236567,5,23.453100348900588,1,297.07851315650686,2,1
87.65588807242965,3872.381959662976,45,29.918769255648524,0,149.3326003598003,1,1
66.15014393194062,754.8913924431829,9,29.30603668868197,1,153.27020335871748,2,1
83.57788895196616,3789.2462139360114,44,42.08573811510568,1,133.04655865005037,2,1
54.09774154245061,592.7492704608295,11,31.48901010129704,1,315.49924066123583,3,1
60.36990981018101,1523.454226201925,27,38.32236306148175,1,262.090308084578,1,1
96.35796477976284,5571.659134196536,57,51.91259840550036,1,233.3572766532231,3,1
43.05915608936826,1093.7494863610632,26,39.54908499354521,1,53.34190242290385,3,1
57.29944511693403,2996.778649849523,53,37.83626457659008,2,182.3947559849934,3,1
64.72462708980629,2477.7802452235505,37,37.468790005645566,2,225.9662371881809,4,1
74.65260742628307,3328.0605322921924,44,47.93888031298202,1,218.7631153280141,3,1
63.82477304298888,1087.0802440131858,18,36.55663535706013,1,241.92414880971057,3,1
72.56636882806802,2297.532171120503,30,43.47139446330245,1,198.4717720409376,3,1
58.04289838815591,1845.935793883221,31,47.78817232490971,1,94.22492377738018,4,1
66.4693883360195,1538.641878477695,28,33.59415584413686,4,212.3199883650988,2,1
98.64206389955989,1012.3482270937692,9,59.58629213761744,1,181.3626335992501,1,1
91.6878242418456,5491.414070718177,59,50.495203366957405,0,280.4449637804602,3,1
118.37942237609371,211.71262681005243,1,24.97300423378733,2,144.49652708365983,3,1
86.14296303099057,1900.5800116584312,24,45.04994408184957,3,258.68612786281125,2,1
79.38345445253948,223.9675354094103,3,35.11905896638041,2,57.653729041677096,1,1
73.01441945051592,1248.8951468540922,17,37.50652549940759,1,211.572744369566,3,1
49.24540135261904,1511.369594546014,33,39.622380794768986,4,186.1056605592428,2,1
99.22072424511389,5674.651996182791,55,43.44900373181748,2,193.41817435575183,4,1
78.621920125716,2575.982532262648,31,34.928388332377665,2,201.41640429474515,1,1
48.8222094777318,1511.591026863812,34,39.81543454837166,4,185.41883447445863,2,1
81.77371109421624,535.0882344684609,5,25.8746420506538,6,306.1947458180832,1,1
55.47771944965308,1864.9869442924448,36,27.08121826175966,1,275.9513402032884,3,1
103.08397059267422,1271.5902007671382,14,41.11571325680491,0,261.21853503533805,1,1
94.47780108270818,2271.28175136808,24,32.911722663051194,2,180.43607019473225,2,1
76.17711014128781,991.9396074521018,14,41.9491998398638,1,313.4949844985846,2,1
65.3775451262224,-14.849915389671253,2,19.32256673761612,2,199.0220901677445,1,1
71.79632705293363,794.037107582663,9,50.89506444846431,1,241.01149160741025,1,1
69.39184578799441,1213.1915535053904,19,42.82033532144966,5,266.99902912871374,2,1
64.17190040246139,1655.69037252076,24,70.20757639034365,4,145.8852876468914,4,1
75.70635653439088,3296.130063463794,45,26.96033060838743,1,125.09485748645326,4,1
84.83513101555882,2651.7572800172893,30,37.87844945417897,1,97.1447263734938,2,1
93.27012568601089,5538.29207426757,59,54.9672013662416,0,261.2971366206062,3,1
106.52071547488283,7255.435721112135,68,36.14699789524929,1,254.66511730151456,3,1
91.28845376821816,3308.135750703856,36,61.76591567604046,1,218.53181702749225,4,1
74.06417206528971,461.5528041966469,7,38.76549262265908,3,257.6310146387557,1,1
83.03303932252767,245.9095283452772,3,32.19709244802581,3,68.50941695041867,2,1
60.25030527266023,1407.4599633702592,25,46.6002291059676,1,224.5643954324457,3,1
129.17250891786352,185.60929711393368,1,24.10500283790113,2,165.84881265263812,4,1
41.62548171929095,1339.6567678016654,27,28.115150337302524,4,126.18778597807136,2,1
75.70271324519554,2341.711161803067,31,27.86273710715913,1,77.75248943420607,2,1
79.57786457562615,718.1773468253698,9,26.38282271666207,2,123.60937104532854,2,1
64.11238507114463,1112.8013459864549,17,21.73570033456709,2,211.89962127588572,1,1
58.03004955703682,1454.5701713168794,26,56.12590897411886,1,236.9103294042206,1,1
73.69815447556427,3329.2036822220807,44,47.14557804084591,1,218.7763856685121,3,1
81.33679632376047,5360.885455903604,64,34.121686736885714,0,279.414026966286,3,1
66.69040502314333,1506.6593225753152,21,26.37368358409692,1,145.6428936480927,4,1
55.23782309307516,2728.482813511197,48,37.26820286454264,3,187.74233922503828,4,1
85.09888521124742,4431.889045519803,53,39.42253711224798,2,235.1868698226404,3,1
50.63990966037798,243.2455869228216,5,38.56286252309937,0,246.4218385744317,1,1
99.82779252248577,1985.1390296140005,20,29.00980190877837,1,150.3050771982376,2,1
80.26056167972628,4703.493289805613,57,37.81964552663138,2,137.30675181675707,4,1
96.64399767789811,1019.8836169420424,11,56.39296827801216,1,173.5862092525007,2,1
57.82578393471116,1585.5180155838505,26,46.791238476831694,1,66.50318091667276,2,1
74.14716223664396,2437.2611694720604,32,40.57413539455608,1,245.33131623624016,2,1
99.34105994049332,4940.503481260007,50,35.756450721645955,2,91.06785888781612,2,1
50.27308776779761,2497.533395054102,53,45.47384859786839,0,112.83399928466844,1,1
91.74933917736462,2308.589938751387,27,46.431256874091,1,191.40063865856305,2,1
63.87188403265373,58.030060071018525,3,25.76569627527353,2,225.82259651951284,2,1
88.66021727627869,5023.094217637189,56,46.111377869666725,1,299.94107252094324,3,1
71.98433265413898,2213.577843831034,31,41.73334033844738,1,154.80595828079217,3,1
95.6467949901899,5757.4450531812445,59,30.56970058485548,1,212.46073079630435,2,1
79.53093575236232,3811.815409782421,47,59.80763558875984,0,156.72830070283055,2,1
99.41893127961704,4434.223090265231,44,41.50607836536771,3,266.6750950323757,3,1
89.48772406688988,4287.043253779341,49,55.2853037991959,2,196.91585638224868,2,1
74.99939878911061,3295.585366979463,46,25.381205695139485,1,120.85563466222553,4,1
83.01545892693841,2702.6870758784025,30,39.1895031133542,2,126.90275629267046,3,1
70.27663425791594,1526.8600631541858,20,29.9322877621412,1,129.59155292149362,4,1
72.9486921808939,1071.6216659998715,14,26.98998396610953,1,202.2401770588957,2,1
61.56335754936634,2967.00072170698,48,46.43284716628441,0,177.3066162092791,2,1
52.11210348358357,1070.729517319028,22,22.400596729289543,1,80.82284305383055,4,1
44.7566783948778,2478.6854118183,56,52.70470643209437,2,173.59518933848742,3,1
98.38213741099892,1721.8750325038384,17,42.46730717987225,1,156.59811557531256,4,1
75.04363217019473,55.1268277881187,1,31.43307696072338,2,344.0225631383498,3,1
49.37349041263027,837.238996521433,17,45.12015046784954,2,96.54022134173796,3,1
63.83237922178345,2228.8515476010025,34,36.1985236513296,2,167.90577331965636,3,1
81.12429611149055,1073.9068542211253,13,31.96051837130495,1,216.01774304804732,2,1
70.46744686574498,470.4792154337515,9,35.20366408548823,3,247.2479330735328,4,1
55.81410617775911,1857.8168997612493,35,27.78674629720765,1,272.0893317864788,3,1
73.43608627788868,155.7518090525566,3,43.0671699237093,2,55.359104111739626,1,1
71.51800129775432,3359.4634963620138,47,45.20637854073604,3,146.5025765036949,2,1
55.91315705742483,1414.7553818560714,25,45.71055095306602,1,285.0800069781761,3,1
64.86434440599001,1857.490205643001,29,52.2004591834696,1,163.58316350825075,3,1
61.53684036830373,1115.214221400457,18,20.82131191274105,2,221.6798313335228,1,1
43.188194532372655,1432.5465522283723,34,62.524026802177104,1,229.52306979027725,2,1
49.84982397529648,2996.9958131561166,57,41.161195591391504,1,195.65867129272544,3,1
122.1217169888938,190.9076218629137,1,24.321846492867472,1,170.5066608936235,3,1
112.6617458694566,2056.695042174437,18,46.72765307401838,2,215.4431525829677,2,1
60.41754109371295,808.8179086792408,15,53.39633665750758,5,224.5677470690593,1,1
86.38706516813563,3840.4616041467134,45,44.91279155007513,0,208.63278135944475,2,1
63.9177273467442,1508.8956472546306,25,33.26009462995535,5,224.3999744790712,4,1
57.29981011469685,1075.8934940872591,20,23.26839595398341,2,94.53044382222215,3,1
96.17410135694875,3633.8746677683735,38,46.64217341333783,2,174.59952006325892,2,1
52.13608105926414,1070.6559414476835,22,22.35474904280672,2,80.80213607203349,4,1
89.19660899987461,1118.3694187034455,11,44.44858819476674,0,61.1325046120499,4,1
52.75986962962628,3008.465319028966,61,29.682706402530304,1,258.0315588757491,3,1
99.6249199887032,2443.9773673606583,24,41.29541476318501,1,301.4321451279704,3,1
97.858623636436,4440.65024880692,46,43.275948305927,2,266.1015928386233,3,1
59.207099787456656,1043.4783733616111,18,48.85513932416718,2,265.165520993648,1,1
52.72857489206529,1512.88623590971,29,41.4487225172514,0,258.0580385014205,1,1
78.70929429619467,3134.7536041769813,39,22.67976779293195,3,172.48405469105975,3,1
68.90856999832849,3363.828871157868,49,43.031823398405656,3,143.2959833862074,2,1
62.69020379779688,613.4364389327934,11,31.10547307064608,0,238.66050475114704,2,1
76.46345969974905,1865.250781557896,26,47.097742467552,1,194.93570116184733,3,1
95.81729720259908,1054.7445450597006,10,48.29795114999993,2,65.90688870031424,2,1
88.9762535647786,3123.671390784288,38,34.79341817776428,3,147.4437552133481,4,1
60.194966453549,728.6412203730792,11,38.82409409998665,1,144.62886599284892,3,1
58.96490395109525,922.9053042183796,14,40.77810685983695,2,236.9132496797168,1,1
72.51831364749619,2296.1942681666337,30,43.22402530358224,1,195.2403081287985,3,1
67.83239667065756,2681.9227771500573,49,30.21947516003052,2,197.4974296260431,2,1
63.96912358754504,775.994644053368,10,43.41528442899842,1,169.1400601005394,2,1
77.43941492204904,1248.565499722811,17,45.46273764201841,0,334.4488204327013,2,1
81.3518945205553,1872.368629779852,22,46.68024828449893,4,78.58778913863486,2,1
51.471758737828,829.743232009584,19,50.384903325660765,2,244.38130875220256,1,1
55.35738898230842,375.729257558775,6,49.49337532373245,1,232.9907330458742,3,1
63.46964706762553,1503.9268531218283,26,33.13349433356164,6,209.19112975935087,4,1
53.62287141869472,237.7068767138389,3,51.25697732580297,0,266.3813471092357,2,1
90.9697452891848,4797.311484882126,53,32.06335715644673,2,167.6739146116329,2,1
67.98511625901142,1086.2085342628836,17,37.27072502560247,1,241.3067251461832,3,1
60.208965745832565,1433.6003387576795,25,51.17208922493293,1,208.90712015201984,2,1
67.8795775826436,1109.272086261014,16,23.07315614013119,2,197.59432342981188,1,1
77.6407122305014,3861.923766221614,50,61.53752960757685,3,243.46272123688243,4,1
83.81554545831285,3000.5590868436016,34,36.82880476975634,2,100.51261702898536,2,1
41.90345002419283,1102.055060131829,25,41.92063284357872,1,89.63901380320652,4,1
83.79842154451106,2603.8949895514065,31,37.02589535296975,0,160.31766345512247,2,1
79.486945957436,1098.3978297428064,12,27.1940876223426,2,153.51723915454244,3,1
82.88199109681753,768.6472526700506,9,19.15489020269431,2,133.90974623442102,1,1
51.62584834351483,2724.752871574042,51,36.349592465494815,3,190.22332423799085,4,1
78.51646262794074,2670.220326354048,37,32.53853840356864,1,197.73972108641848,2,1
68.20422830403879,4.636020956557729,3,26.127476451237143,2,167.96534517452088,1,1
86.52786553075347,5338.542717623445,59,35.9118095910856,1,342.886920031152,3,1
75.27338580640236,1207.9004974803795,15,42.23711362397799,2,55.60672737035018,2,1
69.50748037137039,3364.683179973404,49,43.522385926429415,4,139.1776912689748,2,1
106.45257551157135,4901.185712072735,45,24.1890758501884,2,270.10035616549175,1,1
52.69135456969692,732.6718318474345,13,43.67764233494978,1,152.881422924605,3,1
58.50837304265269,1579.9608766741887,25,45.08392157359041,1,72.71926731637151,2,1
78.33955882050695,3742.9097956608352,46,46.52652882862542,1,129.84674882697135,2,1
84.41978783407818,3159.526000470868,36,24.81553857249637,2,241.26423172873265,3,1
104.32080644224264,7057.284441136802,68,46.3478486394152,2,196.98469340967023,3,1
89.8071121874211,4392.456202666981,48,31.50980905188841,2,228.2017891121708,2,1
78.47785166598062,3738.4808489517936,46,45.81823207220017,1,143.51772194955964,2,1
70.0996149468645,2678.0537078055595,47,30.17849322076548,1,197.93047269757628,2,1
66.39126295637803,1493.046222078615,22,31.33218331734149,2,139.11112556273972,4,1
54.77411510479752,2493.486419694836,43,42.84709022363099,2,207.663917110732,4,1
80.94038341109679,1180.0760397120418,16,52.38810186157691,2,220.2348538941523,3,1
79.74529179872911,4394.318560879351,55,43.0057457069045,1,207.06694810913223,2,1
67.604157416132,3320.7037041747258,48,52.63961298787306,2,102.20356989487505,2,1
71.2160816739881,2758.656655922118,39,38.45529469617511,3,171.7152613427732,4,1
88.86782472294517,1081.8330153127592,13,40.8550750638028,1,238.20758699947424,2,1
55.22915035417687,1433.7887092697988,28,54.71595653220714,1,213.04152519767683,2,1
88.6251373152174,5742.429988199866,65,22.375975595800053,1,240.8562188707364,1,1
72.48454995919462,485.6060213698664,6,45.97799993093203,0,242.59817102341435,4,1
59.40022271570972,2566.183319846893,39,21.390098094337663,2,89.87409192153646,1,1
58.57970076106302,752.275666182556,11,35.488495226607284,1,158.1493153792057,2,1
96.50407915763869,3969.689820038094,41,27.55617695734715,0,253.37803617874664,1,1
75.42960732971164,2323.55434016457,29,48.76124435172487,2,235.48831475619565,3,1
86.39885318222031,524.769134480175,5,24.297997142382965,5,301.3017266323746,1,1
89.31062097095011,4397.2068852594775,49,29.46471577354409,2,229.32202938298911,3,1
65.40135924025715,3536.6921617275807,54,47.53925544495007,1,150.29714605285162,2,1
101.76135771188524,4443.329978239544,44,44.45456487870885,3,275.557268098343,3,1
79.91394115941237,4535.219481482947,56,44.32387273058016,2,219.3608675766079,4,1
57.89974687854021,3348.1254619947595,53,34.01458752589906,2,218.99604054828407,3,1
31.525685406057484,516.5809079569257,15,34.385819092314975,4,236.27999885380373,1,1
69.93409417674373,2550.997366260222,34,40.0947546787889,1,173.59306923706583,2,1
53.28460801879049,3017.2724289888906,61,29.3560984304702,2,236.86558810115005,3,1
55.25052953638547,729.690479488801,12,44.97954975672132,1,159.23481266444043,2,1
61.91685918787668,1714.486017946111,29,49.51219914597596,2,190.1545035301304,3,1
57.86002424190211,924.5846529693636,15,43.22873160982224,2,237.3430769879291,2,1
70.44133223651912,2748.1320959497925,39,47.788702777110245,3,121.810100038003,4,1
72.1618023135881,1504.0878578749368,25,58.64407045532423,3,204.07109010237684,1,1
79.74018587533706,1566.574056929796,19,45.31177785015761,3,78.2651308577995,4,1
81.33247950681906,1872.1085562402927,22,46.8487908879478,3,82.25199175229575,2,1
67.014130786208,1230.293430350602,20,39.54996463847638,2,204.79981817852567,3,1
54.72719485589266,1091.068552615455,22,38.14720474552668,0,20.925348914567387,3,1
60.36111218567351,2531.214173459186,45,44.5049349911398,0,117.7949519198744,2,1
75.54025255824686,1393.9147110656838,19,47.58950599982414,0,276.1685759258372,3,1
78.1660880038438,1863.0452296528176,24,50.85263463859601,1,168.31156075815085,4,1
65.79887174708364,2281.1776119644715,34,52.10313040987665,2,280.6569960459937,2,1
79.63748514037431,718.1975513610762,9,26.248123525235265,3,123.24576478194405,3,1
83.76593860444177,1701.4556140891118,20,58.85361731237749,0,207.4462016084858,1,1
86.4946576165205,1498.4802161960158,19,65.16824215039325,2,218.81776971269096,1,1
77.13391138536805,541.3090864626507,5,26.100426180226275,5,308.81472607260406,1,1
64.22207777503974,1497.3444356645994,25,33.89501270225792,5,187.62435699902872,4,1
72.25288344479856,1870.005180053765,28,56.97955640415577,2,238.70742023839352,2,1
97.31157217914571,1058.7163967551903,11,45.80052186744259,2,236.84195962581416,1,1
95.6752185561624,3573.708922265801,39,46.229491698008026,1,202.97125563623132,2,1
77.77560107494088,717.5665861355667,9,30.454629773602992,2,134.60078482825017,2,1
106.1194021986495,1522.0053359715912,15,42.51800511385538,2,158.49830847625554,1,1
62.33167377768434,1087.393090603035,19,36.30035679923444,2,242.14573505164464,4,1
89.95065393014337,2422.050601845948,28,47.200763320757645,1,309.4002574791573,3,1
84.45020212443059,1090.1432236425262,12,33.85029075822191,1,130.3714903107237,3,1
71.1177320330876,3372.087573875081,47,47.98248361862308,2,109.95170685755888,2,1
68.28230260823875,3523.1654559115536,54,43.61490457061339,1,218.85576203732285,3,1
52.61467470577996,263.8047572708417,5,29.25136415150024,0,184.03450964636383,1,1
70.07528837234868,3357.53917525889,48,41.64677407297546,3,137.28337865462788,2,1
70.59285850240991,981.4614549118028,14,42.88154066912215,1,183.8014094983365,3,1
58.710304906574734,82.15942314482619,3,27.22398842411803,4,336.8507024786252,2,1
85.31988850052795,484.7908311217458,5,34.89092097304801,0,258.1156884957272,3,1
45.3935203596471,2568.664055880338,57,46.48519052526569,3,210.13895645238625,2,1
72.60429908315939,4423.309903423875,61,35.64920129281488,2,204.91456670185963,4,1
106.9675990176689,2267.2871962063964,21,29.018943658922662,3,195.86591844456248,1,1
108.62025196448894,7464.021388180803,68,52.11528065643092,2,251.5342054913879,3,1
72.01211659201114,1464.127951016347,22,62.654511342484994,2,224.2420987131908,1,1
81.77043678473242,1244.9556755098374,16,31.221167686019385,2,289.8194410697917,2,1
80.12945445026297,1242.7499461909504,16,32.10730509391022,3,288.9688520409349,2,1
58.71825743611499,593.5090090149826,13,40.58384303080487,2,266.68544251069875,1,1
56.49615713134202,379.4188324146725,7,47.01375830224202,1,241.3031994699253,3,1
77.7336455358045,85.2468021630214,3,47.1957805765085,2,144.84273295841186,1,1
35.19268018755335,513.8077659591827,14,35.423652223314434,3,236.845656730977,1,1
66.19301397933296,1105.5969804248823,18,39.63387107038461,2,237.2230121481388,4,1
84.22705461654289,5322.110064610453,61,33.1924088812995,1,333.63701078540043,3,1
83.94502910742614,5223.74305029245,61,39.318447934411765,1,279.2497193167736,4,1
89.98338943836181,4916.7903477891405,54,50.83142159158943,1,267.8992133996544,4,1
69.87740077908842,2882.1114953323054,41,48.67256741189781,0,279.49704328927095,2,1
96.44466291409265,5553.141168030251,56,42.87868752392566,2,214.3066992813397,4,1
80.01857728564045,3144.3738027221425,38,24.3928215781294,3,211.19021113358724,3,1
88.11770053929578,2317.6034212945365,27,47.905058356626654,2,220.283360290583,2,1
95.3201570047992,3636.98973851621,39,46.883874685004415,2,176.19622361010252,2,1
53.972691726324776,599.6728420124113,11,20.467411556468573,0,197.39482410122213,1,1
54.87125581201754,1227.427023395505,21,45.035863720008834,0,398.43613832623566,3,1
109.18190705014284,7495.135867378856,69,23.807206722939178,0,324.44011974067485,3,1
78.81010996788477,2598.1692271103584,32,40.81120424930114,0,108.23109928247824,3,1
61.16529307699408,2993.586377002432,51,36.53504871415486,4,169.91146140851342,3,1
