row_id,region,channel,tv_spend,radio_spend,online_spend,competitor_price,store_visits,sales
907,North,Online,1482.83,329.58,3280.43,10.87,660,84.17
989,South,Online,848.57,160.83,1225.01,15.83,508,150.46
930,North,Retail,988.07,244.3,2140.09,14.99,552,196.75
1120,North,Online,942.05,70.78,1301.52,12.3,526,167.0
624,South,Online,585.67,413.37,314.41,11.96,216,117.5
335,North,Online,856.35,134.62,703.68,14.08,311,129.56
1365,North,Online,665.44,288.82,1590.08,9.86,554,193.31
36,North,Online,823.75,41.54,1034.22,12.56,317,138.15
1220,East,Online,210.25,214.0,1815.39,10.38,650,176.57
1210,North,Online,1335.12,50.04,3326.83,15.61,159,330.39
51,North,Wholesale,994.37,381.48,1112.36,14.72,409,158.88
747,South,Online,384.51,143.69,1092.3,13.87,289,120.12
236,West,Retail,708.86,99.68,131.55,9.04,209,93.32
1242,North,Online,614.81,105.79,6540.97,9.12,1178,33.98
757,South,Wholesale,299.59,109.61,812.52,9.67,273,103.47
972,North,Online,570.94,5.76,505.77,11.14,726,110.35
982,South,Online,1105.76,79.9,1603.27,9.32,578,223.15
262,West,Online,518.83,390.99,236.44,9.76,232,110.62
1519,South,Wholesale,1199.86,155.32,1412.06,15.68,413,179.27
1225,North,Online,470.52,213.31,2468.09,10.03,571,220.23
1548,North,Online,361.52,292.13,2353.47,14.61,518,194.78
1122,North,Online,1101.57,289.71,2046.89,13.95,209,226.76
551,South,Wholesale,152.84,91.63,574.18,14.43,220,70.18
1206,North,Online,956.75,209.79,563.28,14.16,602,152.74
625,West,Wholesale,734.99,333.87,1483.21,11.13,442,177.24
957,West,Retail,255.92,99.37,2351.31,14.16,253,173.43
32,West,Wholesale,301.48,24.14,347.76,14.75,159,59.83
947,North,Online,479.62,578.92,1082.02,14.3,903,218.09
62,South,Wholesale,439.55,277.97,213.62,11.65,463,92.47
428,West,Wholesale,766.08,84.91,341.91,14.26,367,86.3
1047,North,Online,460.52,133.27,1631.25,10.85,655,170.14
1563,North,Online,913.94,210.94,1287.23,9.94,466,179.59
1213,North,Online,1036.95,196.22,899.62,13.83,331,162.41
130,East,Wholesale,805.47,132.72,403.87,13.31,185,96.79
1476,East,Online,584.32,100.42,1057.88,15.43,742,145.67
310,North,Online,354.81,210.35,558.07,10.53,109,97.11
1520,North,Online,969.34,15.01,1002.61,15.19,675,147.14
407,South,Retail,216.07,343.59,1337.96,9.35,305,134.87
1303,South,Online,889.94,155.53,1889.93,15.38,420,176.98
699,East,Retail,763.94,445.55,492.24,11.68,408,146.81
1257,North,Online,335.97,197.23,1351.45,15.67,330,111.81
1283,South,Online,770.72,280.15,791.38,9.82,105,132.67
1229,West,Online,537.48,35.43,2010.36,15.08,670,175.34
1387,East,Retail,520.38,121.0,1158.24,12.96,629,141.44
1475,East,Online,688.96,232.09,315.39,14.16,229,91.22
29,North,Wholesale,232.33,426.88,933.14,14.25,123,118.13
1528,North,Online,775.61,255.77,471.99,10.34,308,110.67
928,South,Retail,1150.05,272.19,1568.19,11.56,670,210.92
357,West,Retail,263.2,101.79,1295.47,11.43,404,113.96
250,South,Wholesale,498.93,340.35,1053.05,11.76,414,156.04
1012,North,Online,1376.75,340.73,4820.91,10.4,363,328.72
1051,North,Online,441.48,85.74,1524.66,12.07,133,122.13
190,South,Wholesale,973.73,229.75,1282.56,12.11,437,193.72
157,South,Online,520.82,275.56,902.22,12.9,469,124.78
43,East,Retail,290.38,305.69,86.2,13.17,406,78.09
19,West,Wholesale,377.41,241.87,344.32,11.99,274,84.69
317,South,Online,366.87,295.91,81.41,11.31,213,75.57
718,North,Wholesale,138.9,235.26,635.16,13.14,220,65.52
794,North,Online,635.09,243.07,2407.54,12.43,241,182.95
1358,East,Online,825.97,82.77,1509.64,9.53,581,177.09
739,South,Wholesale,545.63,439.92,1498.64,12.45,476,181.61
349,East,Online,676.99,350.6,1073.97,13.76,228,140.99
211,East,Wholesale,378.76,378.43,1209.65,13.39,262,137.3
953,North,Online,457.47,91.67,1408.33,14.15,335,125.27
1501,South,Online,556.3,117.51,1286.98,15.95,380,133.11
992,North,Online,767.26,229.72,678.78,13.66,441,130.91
600,East,Wholesale,454.67,392.81,1464.45,10.47,166,156.05
963,North,Retail,922.83,284.57,1808.65,12.15,95,199.46
227,North,Retail,914.31,78.7,910.91,9.19,388,137.88
1139,North,Online,226.94,109.48,608.35,15.16,331,77.01
876,North,Online,281.48,84.08,2364.93,11.87,478,173.8
1235,West,Online,1006.53,287.74,2009.13,10.01,80,197.3
834,East,Online,830.33,153.17,1605.06,13.02,357,149.97
1295,North,Online,558.4,35.92,674.36,12.32,402,108.66
1084,North,Online,595.99,195.16,383.64,15.56,475,101.27
1238,North,Online,890.03,188.97,580.35,10.19,746,144.66
1126,North,Online,654.46,75.52,1180.45,13.37,600,126.93
1277,North,Wholesale,1055.81,54.47,1414.88,13.92,593,167.18
784,East,Online,1945.63,606.42,2137.57,11.24,513,244.75
14,West,Online,348.63,348.9,340.98,9.22,417,118.27
467,East,Online,145.27,228.61,791.72,10.82,450,97.01
1401,West,Online,918.66,282.11,2054.11,10.24,431,206.34
1142,North,Online,1179.77,207.4,1702.29,15.77,155,204.32
1533,North,Online,295.16,189.3,1471.48,11.89,254,145.75
459,West,Retail,819.79,41.58,143.04,14.38,207,61.89
1065,North,Online,582.63,182.01,1401.39,9.26,525,156.86
702,South,Online,875.89,395.76,136.72,14.63,426,121.07
1421,South,Online,1879.98,100.89,2969.82,9.72,446,-41.21
222,South,Retail,123.86,416.85,762.46,12.17,271,95.46
1043,West,Online,620.12,58.38,755.46,13.01,413,109.95
13,East,Online,895.4,339.3,1298.98,12.06,288,186.13
934,South,Online,305.82,212.59,1545.98,11.48,225,138.6
1428,North,Online,987.07,24.2,969.44,11.47,241,126.5
547,South,Wholesale,63.42,319.07,684.51,9.99,305,102.71
503,West,Retail,866.55,383.86,1222.46,12.68,475,182.69
588,South,Wholesale,864.02,25.37,692.53,10.13,288,110.29
1312,South,Online,470.86,270.36,724.67,12.43,130,116.66
148,East,Retail,781.68,259.33,213.81,13.17,132,82.15
722,South,Retail,327.7,367.31,701.3,9.01,468,128.6
1138,North,Online,227.28,242.23,1096.24,14.28,590,126.47
1262,East,Retail,912.88,62.16,1070.39,12.93,456,135.32
105,West,Online,771.97,310.97,1355.52,13.78,289,145.82
1435,North,Online,511.39,138.38,1695.51,15.74,246,135.92
1156,North,Online,825.91,139.43,2473.37,14.63,770,215.08
1341,South,Online,413.85,233.82,1022.54,11.63,86,99.53
104,West,Online,637.97,278.0,537.35,14.41,317,104.4
261,North,Online,925.6,256.56,186.19,13.35,170,111.05
858,North,Online,796.84,108.78,562.75,11.68,202,98.82
685,East,Wholesale,409.92,316.54,1171.29,13.2,339,128.22
183,East,Wholesale,658.42,479.88,201.49,12.36,193,120.32
219,West,Online,363.69,27.59,783.6,13.26,255,83.47
1437,West,Online,1069.37,63.72,1399.34,15.43,289,159.05
298,West,Wholesale,866.97,426.24,432.02,9.43,422,152.73
257,West,Online,750.64,339.71,1463.24,12.67,116,169.05
628,North,Wholesale,825.11,440.05,433.14,10.51,294,147.01
962,East,Online,1190.6,21.29,1798.24,10.44,108,199.35
453,East,Online,668.77,77.13,1186.69,12.07,311,129.84
1279,North,Online,393.08,207.93,2478.53,12.93,316,186.15
1077,North,Online,488.21,154.77,599.61,11.07,619,108.55
1349,North,Online,391.86,204.68,1350.34,13.85,550,138.17
894,North,Online,1177.11,99.86,1546.35,15.69,156,197.57
321,West,Online,857.99,211.35,1411.34,13.7,443,145.53
309,South,Online,305.67,423.53,1328.14,12.34,345,154.39
701,North,Retail,737.26,331.26,1053.54,10.29,315,164.37
156,East,Online,1624.57,845.93,3212.02,11.44,936,336.31
230,North,Wholesale,325.34,421.38,549.05,11.49,316,104.05
1454,North,Online,857.97,103.34,2283.23,8.54,481,225.48
903,North,Retail,816.97,15.81,2288.62,8.69,200,201.15
279,West,Online,359.93,59.57,505.31,10.05,376,89.87
1372,South,Online,713.94,260.5,2271.82,11.44,536,209.59
1328,South,Online,240.53,283.52,695.16,13.56,733,100.44
1253,West,Online,330.47,266.03,907.88,14.11,553,123.74
681,North,Retail,418.75,141.87,687.5,12.74,268,103.45
411,East,Wholesale,747.44,68.25,761.71,9.61,282,133.66
734,South,Wholesale,768.68,171.81,743.2,9.75,217,121.69
1083,North,Online,776.39,164.73,1712.52,9.79,223,166.58
1078,West,Online,750.04,140.06,2134.8,13.32,669,219.54
37,North,Online,273.49,379.07,1089.28,14.93,398,123.79
581,South,Retail,781.59,290.31,1116.98,9.11,364,162.57
1543,North,Online,482.75,122.34,2240.51,14.33,506,182.85
512,West,Retail,79.52,70.04,632.85,14.41,385,63.21
778,North,Retail,113.08,473.09,628.65,11.87,237,98.74
1393,North,Online,221.04,175.26,693.9,14.39,666,96.47
1221,North,Online,539.46,22.64,1613.31,14.51,428,158.42
1345,West,Online,859.29,252.82,1027.76,9.59,351,166.94
711,West,Retail,867.33,137.35,1119.89,10.64,303,165.72
1400,South,Online,939.77,228.0,1601.25,15.77,762,184.53
544,West,Retail,556.59,62.45,155.74,14.82,264,61.29
823,East,Retail,1179.23,82.97,1372.54,14.77,148,144.66
1104,North,Wholesale,966.45,116.35,1729.23,14.71,321,173.47
1523,North,Online,521.31,115.3,2205.12,13.03,187,183.94
1056,East,Online,2411.5,232.87,4917.37,12.7,420,457.09
896,West,Online,585.17,268.55,1080.55,13.08,148,128.07
253,South,Retail,931.57,35.16,703.77,14.97,173,96.12
204,North,Online,785.7,352.53,819.49,11.31,391,148.51
1066,East,Online,973.9,49.85,2412.05,15.51,730,240.81
1110,North,Online,257.76,286.02,1921.45,8.53,183,160.18
1244,East,Online,1068.44,249.52,1018.59,15.81,548,158.32
311,South,Retail,569.92,209.16,1044.29,14.86,320,118.3
1342,North,Online,398.14,212.2,2101.43,13.89,597,196.57
490,East,Retail,501.13,227.84,876.13,9.98,362,123.83
779,West,Wholesale,869.42,224.86,642.2,12.15,280,129.56
1301,North,Online,458.85,52.43,2013.24,15.72,627,160.84
1157,North,Online,302.69,196.22,1756.82,10.3,524,158.25
1439,North,Online,658.58,225.87,405.12,10.59,164,113.14
1272,East,Online,934.7,95.17,387.18,10.05,554,109.35
526,South,Wholesale,253.14,212.63,1369.85,11.75,248,119.59
703,North,Wholesale,647.5,315.01,1208.94,12.83,319,154.44
603,West,Wholesale,446.86,268.58,1210.03,13.64,361,129.55
382,West,Wholesale,928.71,180.37,324.48,13.28,376,101.47
1360,East,Online,1046.5,126.89,2034.75,9.23,677,208.02
645,East,Wholesale,878.91,334.45,200.66,9.96,415,130.75
500,East,Retail,972.58,227.03,167.77,12.06,492,123.36
755,East,Wholesale,433.11,179.11,282.29,12.96,265,85.45
70,South,Wholesale,1681.79,206.58,1869.24,14.98,327,-22.97
132,West,Wholesale,735.74,182.39,1164.04,13.01,383,136.74
697,East,Retail,1623.07,858.43,1348.93,9.82,527,28.91
1034,North,Online,939.87,249.92,683.35,13.86,148,151.21
908,North,Online,919.25,285.23,2051.46,9.59,440,211.59
197,East,Wholesale,164.11,173.44,117.21,12.54,272,55.7
1511,East,Retail,460.81,27.28,305.37,12.82,446,62.25
205,North,Retail,649.37,32.02,563.0,14.98,131,81.77
1259,North,Online,911.38,245.03,582.98,11.48,755,175.43
585,West,Online,781.68,174.36,986.37,9.78,466,151.51
592,South,Online,90.34,100.95,433.47,12.09,346,53.88
830,South,Online,357.34,36.9,1944.57,15.38,464,167.01
151,West,Wholesale,675.56,476.24,972.44,11.36,408,160.31
432,West,Retail,544.07,188.68,765.73,9.41,263,126.92
77,South,Wholesale,226.11,323.18,1202.72,9.57,281,127.73
606,West,Online,194.21,25.67,348.32,12.35,409,68.41
634,South,Retail,940.2,135.82,975.52,13.05,467,150.59
1553,South,Retail,915.49,256.32,2222.05,12.38,349,219.32
1486,West,Online,291.47,32.35,2415.39,9.15,422,198.42
1462,North,Online,485.05,110.07,816.18,8.94,340,138.25
170,West,Online,255.13,290.39,147.26,10.07,154,81.42
949,South,Online,819.97,202.04,1504.12,11.7,768,201.84
970,North,Retail,1153.5,175.21,2185.01,15.72,87,197.5
1521,North,Online,2211.22,190.73,5422.35,10.91,1471,378.8
612,East,Online,971.28,304.25,1324.48,10.9,261,186.48
186,East,Online,821.16,201.1,696.33,9.57,175,128.43
618,South,Online,211.48,107.99,1146.86,14.19,181,91.27
66,East,Wholesale,705.88,273.27,1390.29,9.43,372,168.08
1314,South,Online,692.71,287.71,523.55,10.56,492,142.89
1019,East,Online,801.86,138.25,1157.39,10.31,290,165.0
320,West,Wholesale,229.28,234.69,1190.84,12.93,410,115.22
162,West,Online,426.61,66.44,785.71,10.65,486,112.89
1100,East,Online,2660.49,147.59,3945.87,8.85,342,38.12
1006,West,Online,1157.04,155.95,2443.01,13.62,157,241.73
337,North,Retail,626.24,142.46,864.31,9.18,308,131.68
727,North,Online,334.17,312.23,1039.79,14.51,116,109.63
854,East,Online,996.07,203.37,1164.85,9.2,691,181.18
1098,East,Online,396.76,282.91,1409.47,13.01,616,178.15
777,East,Wholesale,737.56,350.67,1308.91,11.4,434,188.19
773,East,Wholesale,211.8,111.4,856.76,13.36,426,75.14
172,East,Wholesale,790.31,320.56,116.21,13.59,373,116.68
234,East,Wholesale,642.37,233.72,706.28,11.84,385,145.73
49,East,Retail,54.09,306.29,161.92,11.59,123,71.49
1021,North,Online,560.05,12.02,1449.45,13.79,333,106.9
991,East,Online,880.97,68.21,2362.57,11.0,721,201.21
690,East,Retail,803.99,463.65,853.88,14.84,163,140.36
168,West,Online,1457.93,215.74,3450.33,12.7,831,71.06
1368,North,Online,396.95,112.63,989.13,12.56,154,113.02
258,North,Wholesale,118.26,188.59,120.25,14.92,372,46.97
1162,North,Online,397.4,66.02,657.21,10.08,324,100.97
386,West,Online,971.69,274.22,1312.9,9.75,188,166.86
1363,North,Online,903.59,119.17,2110.64,12.2,201,173.0
1018,North,Wholesale,213.85,202.59,1408.09,14.71,486,139.82
264,North,Wholesale,964.09,257.24,1000.11,11.91,430,163.14
1466,North,Online,736.83,134.84,1192.33,11.69,85,120.74
557,South,Online,409.69,462.97,211.01,12.22,360,92.49
1192,South,Wholesale,417.05,238.66,331.82,10.02,106,80.09
803,North,Online,793.79,67.77,1168.25,11.97,315,148.18
1397,North,Retail,592.42,195.66,2013.34,15.62,633,170.33
454,North,Retail,153.23,137.49,495.48,9.99,403,85.45
616,East,Retail,185.0,156.06,806.37,9.54,312,101.16
1075,North,Wholesale,916.93,32.1,2428.8,14.83,223,203.77
677,West,Wholesale,416.63,309.16,880.98,11.61,170,118.08
277,South,Wholesale,209.0,158.51,805.87,9.7,358,102.84
409,North,Wholesale,490.73,333.34,548.63,14.04,199,103.66
570,East,Online,785.24,23.59,297.4,12.2,467,86.15
828,East,Online,731.58,299.99,1117.24,14.76,736,132.97
839,South,Online,825.21,60.53,1182.42,10.12,382,144.92
945,South,Online,774.37,100.18,1284.96,12.16,758,154.47
430,West,Retail,368.29,69.59,1233.31,13.99,468,117.79
1208,South,Online,471.57,17.78,757.54,9.83,446,103.69
1313,North,Online,753.86,252.47,1610.19,12.98,283,181.62
786,South,Online,915.63,149.3,1637.29,11.44,114,178.94
997,North,Online,226.05,129.7,2200.18,14.36,96,141.0
1222,North,Online,456.12,111.12,2256.36,13.51,271,170.62
658,South,Online,290.64,380.4,298.0,9.47,118,98.8
554,West,Retail,81.17,331.41,621.6,9.24,464,110.96
1024,East,Online,517.17,203.6,2064.12,10.07,721,201.07
749,West,Retail,215.81,477.54,1463.71,14.25,142,125.36
1265,West,Online,1052.0,6.4,2031.36,9.08,772,204.67
120,East,Retail,530.01,434.77,1221.68,13.93,302,165.23
1456,South,Online,1101.73,218.99,1057.85,14.97,231,143.03
926,North,Retail,972.83,134.62,1191.59,9.31,111,147.47
1316,East,Online,1155.98,135.99,1764.15,13.74,745,203.12
352,North,Online,955.49,409.9,1139.51,11.87,245,181.95
333,East,Online,602.64,156.95,520.71,10.12,239,111.51
586,East,Retail,809.26,61.23,811.21,11.38,167,121.98
946,North,Online,758.33,269.49,1843.08,12.22,250,187.96
655,West,Wholesale,445.35,303.19,394.61,14.09,440,108.88
1445,North,Retail,930.71,182.25,1954.37,12.93,732,210.98
1373,North,Wholesale,1053.41,131.69,1145.22,9.87,163,168.52
393,East,Retail,634.0,193.07,1269.42,10.55,384,146.96
305,West,Retail,986.34,209.32,454.93,10.31,307,132.07
441,West,Online,195.06,375.12,1244.55,10.46,364,142.63
884,West,Online,877.89,21.12,1707.66,14.84,106,148.05
1170,North,Retail,491.69,209.49,1809.2,13.47,346,161.24
1323,North,Retail,205.64,283.76,526.39,9.6,294,96.0
559,East,Retail,372.06,358.11,1147.77,13.97,419,138.05
705,South,Wholesale,766.84,316.33,1049.23,9.66,122,158.9
1186,North,Online,1010.21,212.44,1701.63,14.03,598,219.7
513,North,Online,422.25,219.13,430.84,13.99,189,87.25
1336,North,Online,268.26,285.86,854.85,14.58,616,110.71
892,North,Online,782.99,276.26,1913.75,11.12,193,210.0
450,East,Wholesale,80.44,256.38,1217.01,11.59,386,119.96
859,East,Online,992.51,141.32,1821.85,13.47,379,178.65
877,East,Online,998.73,284.23,2207.25,14.58,788,205.96
1324,South,Online,1182.2,284.41,2430.7,8.65,156,244.15
1255,South,Online,509.41,279.28,762.01,13.32,465,149.15
599,West,Retail,899.06,93.72,317.55,13.58,355,109.47
117,West,Retail,161.95,303.85,464.71,10.88,292,80.76
973,North,Online,909.23,151.59,916.3,8.72,327,158.43
683,North,Retail,557.21,492.97,1053.88,14.92,160,146.02
536,North,Wholesale,940.06,471.86,947.37,11.01,128,167.46
872,South,Online,470.98,288.65,1242.91,13.87,540,139.81
469,North,Online,945.28,158.15,1408.48,13.32,493,167.7
891,North,Online,548.51,206.51,1180.59,15.04,621,145.38
1230,North,Online,347.33,49.16,1779.0,8.69,304,146.24
492,East,Online,99.14,137.77,1034.86,9.31,376,116.34
173,South,Wholesale,283.41,457.86,931.46,14.02,281,126.62
750,West,Wholesale,775.87,113.8,135.83,10.64,239,84.92
276,South,Wholesale,944.02,184.45,270.25,12.11,269,117.67
1143,West,Retail,537.27,235.4,1454.04,12.8,649,175.05
308,East,Retail,808.53,128.37,597.39,10.06,352,122.39
729,South,Retail,2211.27,197.35,3683.01,10.86,517,-15.95
713,West,Wholesale,449.21,199.48,415.5,10.96,323,89.35
841,North,Online,593.57,162.1,1068.59,13.48,685,130.88
651,South,Online,950.12,137.53,1443.52,10.82,306,175.24
189,East,Online,183.98,263.45,938.12,14.49,371,102.95
1536,North,Online,1035.57,64.8,2118.48,13.39,574,203.34
319,South,Wholesale,170.86,314.86,1487.03,12.22,474,157.9
283,North,Retail,658.85,563.04,377.96,9.63,219,-34.18
1384,North,Online,222.41,293.51,1522.37,11.78,247,142.76
1158,North,Online,938.53,175.52,1221.66,8.6,679,190.35
1136,North,Online,1167.55,84.99,304.12,14.62,159,89.21
85,North,Online,291.99,302.01,469.43,12.23,310,100.62
395,North,Online,593.25,119.01,149.19,9.02,353,79.76
1097,North,Online,1020.71,108.68,1052.19,8.89,218,173.97
1079,South,Online,564.75,245.79,2105.91,10.2,549,203.37
142,South,Online,319.85,463.19,837.37,13.22,102,113.14
1544,East,Online,696.41,103.84,697.15,9.31,555,137.58
143,West,Online,798.4,444.16,539.83,9.97,415,145.54
627,West,Wholesale,617.96,363.74,205.51,14.88,413,111.6
598,East,Online,306.82,440.14,902.4,10.79,406,131.11
1453,North,Online,561.17,176.8,715.17,9.56,311,101.63
850,West,Online,777.95,211.0,910.98,11.2,591,148.13
451,North,Online,633.67,49.43,634.43,10.7,244,112.77
587,North,Online,622.29,137.42,1288.47,11.47,483,150.02
983,East,Online,285.22,23.81,317.37,8.55,316,50.29
315,South,Wholesale,437.91,449.68,1062.47,9.4,149,141.76
918,North,Online,390.04,254.85,2459.07,9.35,80,192.84
1049,South,Online,508.97,130.67,650.95,15.62,370,87.71
1184,North,Online,261.83,89.48,1437.35,12.71,426,125.36
98,North,Retail,858.45,300.89,221.9,11.72,245,116.39
1461,North,Retail,746.82,283.55,1274.35,14.02,577,168.41
303,East,Wholesale,338.04,237.38,90.06,11.01,151,57.37
1497,North,Online,279.22,120.5,2029.04,13.05,288,168.69
1374,North,Retail,2035.87,298.68,3317.76,15.58,1158,-108.76
1346,East,Retail,885.96,432.0,3721.08,13.62,752,360.38
44,South,Online,787.0,495.8,800.27,10.64,234,166.98
99,North,Wholesale,855.96,335.52,313.24,9.53,177,119.68
1254,North,Online,622.35,20.03,1508.92,10.39,799,175.72
87,East,Wholesale,946.61,229.82,1159.1,11.97,333,159.39
1429,East,Online,326.41,83.04,2235.26,11.21,315,183.34
954,North,Online,1173.76,207.03,672.8,15.89,242,141.87
155,North,Wholesale,726.32,471.37,580.9,9.17,360,151.32
251,East,Retail,524.23,239.24,859.55,14.77,413,117.73
829,South,Online,2315.01,560.4,2502.79,14.93,963,319.85
996,North,Online,700.07,167.56,1208.06,14.31,590,164.44
866,North,Online,298.41,55.85,978.27,11.41,508,119.12
985,West,Online,1534.81,171.51,5410.37,15.86,214,274.57
862,North,Online,562.12,72.91,2434.74,10.17,692,207.12
473,North,Wholesale,320.57,490.76,362.52,12.11,259,114.51
733,North,Online,951.43,385.26,960.56,9.76,250,183.22
840,North,Online,649.46,135.92,2312.87,10.91,437,193.15
1197,East,Retail,427.74,185.8,1007.13,13.67,342,96.88
548,North,Retail,931.28,221.64,771.6,12.95,183,140.57
938,East,Online,390.09,295.43,1148.88,10.77,676,166.79
669,South,Wholesale,179.65,208.76,108.61,12.86,324,65.5
267,South,Wholesale,256.07,415.07,823.26,9.62,261,121.23
139,West,Retail,383.66,829.34,3007.03,11.37,201,270.29
1228,North,Online,768.19,273.68,1903.74,15.8,285,181.48
1469,West,Online,464.32,241.08,1477.76,8.99,572,159.99
1130,East,Online,728.29,126.67,872.03,11.85,788,137.43
1377,East,Wholesale,648.3,55.25,2235.42,15.86,621,179.72
46,West,Online,409.4,110.96,445.41,9.54,421,93.95
1322,North,Online,543.91,64.59,473.95,9.27,238,112.57
458,South,Online,424.37,99.56,203.26,10.17,415,67.99
1118,South,Online,591.39,91.92,1109.43,8.67,348,100.64
259,North,Retail,539.9,445.59,1131.43,12.92,343,156.08
629,East,Wholesale,114.15,314.53,162.95,13.35,296,57.74
565,East,Retail,991.27,137.18,1334.35,14.19,341,163.28
153,North,Wholesale,73.23,153.06,208.04,11.52,320,75.85
843,North,Online,618.39,289.51,1934.3,14.06,575,193.71
111,South,Wholesale,882.84,63.4,570.66,12.07,466,119.28
1311,South,Wholesale,726.63,235.08,1163.58,11.82,406,124.72
1388,North,Online,828.91,226.64,479.54,13.93,635,134.26
422,North,Online,193.07,43.46,1394.7,9.75,229,106.99
986,North,Online,554.51,211.58,1719.62,15.95,242,157.01
434,West,Retail,940.59,645.14,1204.24,9.31,519,-57.01
158,East,Wholesale,102.45,328.31,778.02,12.44,466,99.58
810,North,Retail,675.49,140.95,848.9,9.54,533,151.29
1457,North,Retail,842.38,116.0,2384.82,9.21,305,202.94
1290,North,Retail,221.8,22.27,1037.35,13.21,577,87.74
164,North,Wholesale,98.34,421.59,117.6,10.86,447,82.7
1352,North,Online,422.06,76.08,1199.46,14.69,769,142.92
271,North,Online,780.78,129.6,812.58,9.48,428,127.42
647,North,Wholesale,926.24,490.04,1404.83,13.53,271,189.98
1334,North,Online,801.44,146.34,645.62,12.68,201,97.38
1015,South,Online,354.42,273.89,1748.47,12.03,410,176.51
1348,East,Retail,519.29,217.32,1603.78,9.05,242,169.71
34,South,Retail,183.05,385.88,937.87,13.29,278,98.86
787,East,Online,1006.22,75.78,2266.22,13.83,468,205.18
1256,North,Retail,876.77,131.31,1056.08,12.33,758,158.83
652,West,Wholesale,348.98,377.92,261.59,14.26,110,77.88
1236,South,Wholesale,1096.38,94.99,2204.14,13.16,173,214.83
1361,North,Online,769.04,77.27,2300.83,15.35,599,194.88
347,West,Wholesale,192.54,208.78,1270.42,11.54,329,118.65
654,North,Retail,479.83,391.72,1071.37,11.19,102,126.16
389,North,Online,572.81,64.69,798.47,14.64,349,95.05
1264,North,Online,294.88,134.91,588.76,9.71,466,116.19
1114,South,Retail,1533.71,512.65,1642.0,12.83,185,179.64
715,West,Retail,372.07,216.66,682.1,12.89,389,93.0
1060,West,Online,470.83,122.77,828.57,15.0,276,95.88
16,North,Wholesale,304.68,220.92,929.91,10.58,198,94.32
1204,West,Wholesale,408.17,59.36,2387.3,12.67,309,211.04
765,West,Online,835.42,96.56,283.56,14.98,307,94.86
672,East,Online,560.31,293.95,974.01,11.98,405,148.97
328,East,Retail,218.15,183.86,489.24,9.12,195,86.5
96,East,Retail,250.39,214.05,239.21,12.29,311,72.43
975,East,Retail,339.51,173.92,1742.79,13.19,752,154.97
207,North,Retail,656.54,242.59,303.79,12.11,391,114.24
475,South,Retail,650.74,243.3,1011.59,11.16,252,146.0
869,South,Online,655.46,120.43,2321.24,10.86,734,226.23
633,North,Retail,162.74,51.85,1020.11,9.01,338,89.68
1053,East,Retail,773.9,164.28,340.23,12.16,257,107.75
1526,North,Online,213.68,241.49,424.38,12.43,442,79.35
801,East,Online,860.53,286.07,1160.79,11.49,107,145.28
79,East,Wholesale,324.96,417.53,287.94,11.04,246,89.19
1385,North,Online,762.43,167.14,498.43,8.58,404,112.38
1362,North,Online,489.89,148.7,2236.94,13.28,196,203.83
1115,West,Online,996.89,64.46,2207.61,11.5,486,208.41
6,West,Retail,844.78,260.32,325.69,12.36,134,117.68
601,South,Wholesale,361.42,91.01,442.12,9.51,475,92.35
484,South,Wholesale,65.42,328.72,1449.28,10.64,420,152.98
1489,North,Online,1113.83,174.37,779.23,13.98,290,152.33
974,North,Online,1213.43,519.12,4300.43,14.82,981,230.97
1164,North,Online,432.02,48.24,1904.38,13.52,321,155.66
217,North,Online,284.03,334.4,134.99,12.02,445,96.98
1128,North,Online,253.85,152.67,1454.06,9.02,147,150.36
888,North,Online,675.83,203.03,1806.86,14.88,582,166.95
86,North,Online,178.29,338.89,1232.86,10.1,277,153.44
1522,South,Retail,454.77,278.94,1475.56,8.65,722,211.99
1141,East,Online,1186.71,70.73,1369.59,13.73,126,183.47
377,West,Online,833.19,208.86,1482.87,11.67,289,171.8
1392,East,Online,1118.36,178.65,1827.76,14.07,660,207.71
1159,South,Retail,1087.02,98.68,789.2,13.22,445,147.64
1406,West,Online,1113.54,294.23,1614.45,14.57,348,196.6
353,East,Retail,519.36,360.59,376.28,13.84,339,103.87
1438,West,Online,1170.83,58.01,636.52,15.03,87,118.0
781,South,Wholesale,134.48,67.19,816.56,14.87,146,54.09
994,South,Online,550.14,234.04,977.14,14.69,511,126.95
675,East,Wholesale,400.43,148.13,886.21,10.27,187,105.89
1132,East,Online,1176.54,221.92,644.99,12.35,322,144.67
375,North,Retail,443.23,396.66,1441.88,13.86,496,162.51
759,North,Retail,248.51,164.86,1392.96,9.47,243,136.82
1413,East,Online,1028.93,7.6,770.63,14.98,394,115.38
1320,North,Online,892.55,291.99,2465.93,9.36,771,268.11
736,East,Online,511.74,237.73,369.24,14.22,237,101.02
1420,East,Online,843.08,175.35,1193.67,14.51,470,163.8
680,South,Online,645.6,50.94,634.17,11.38,259,115.91
995,West,Online,426.44,47.0,1007.28,15.98,82,100.81
135,East,Online,384.45,390.8,1442.75,13.97,203,149.75
525,North,Online,593.35,151.79,382.0,9.66,104,95.31
20,East,Retail,579.15,176.91,551.08,9.56,460,113.28
768,North,Retail,705.27,150.96,833.09,11.72,266,121.46
73,West,Wholesale,1928.8,884.97,474.15,9.48,459,172.39
307,South,Online,910.8,70.85,137.41,12.62,374,98.93
671,North,Retail,399.93,247.64,1025.86,10.41,480,127.9
185,West,Retail,893.66,395.1,97.7,14.44,499,122.65
631,West,Online,295.63,67.76,807.83,9.42,483,103.87
304,East,Wholesale,467.82,464.94,926.66,9.92,479,159.59
404,North,Wholesale,970.99,402.81,511.09,9.35,328,149.31
879,South,Wholesale,613.66,196.28,1838.61,15.88,427,158.15
821,North,Online,434.1,91.61,1908.67,15.4,509,162.51
210,East,Online,475.02,345.59,1034.08,14.45,274,128.71
1442,East,Online,236.85,12.71,379.33,12.51,169,57.25
1057,East,Online,1105.55,62.86,1798.38,11.53,174,204.42
410,West,Wholesale,945.44,461.17,748.75,14.52,372,155.1
518,East,Retail,300.3,37.39,368.47,10.42,294,68.4
814,North,Online,1018.15,86.0,483.68,8.99,776,158.04
449,North,Online,315.65,499.15,1379.5,9.88,228,175.5
1116,East,Online,1038.31,213.47,843.44,14.75,87,152.92
1292,West,Online,745.34,204.97,1706.98,12.33,377,168.1
1091,North,Online,973.61,130.22,546.81,9.52,676,161.98
1559,South,Online,423.74,101.75,560.25,10.28,791,103.28
146,South,Wholesale,889.35,121.64,127.73,13.73,272,75.01
137,West,Online,500.24,73.19,991.16,10.76,359,125.66
376,North,Wholesale,217.83,85.6,1084.32,11.42,212,106.52
808,North,Online,1085.98,245.12,741.09,8.83,354,158.8
179,West,Online,756.79,317.67,494.49,13.12,472,121.4
131,North,Wholesale,962.59,70.76,348.07,14.7,319,86.74
709,South,Retail,578.38,306.93,1441.92,10.17,491,166.93
1319,North,Online,904.8,278.45,2055.44,15.39,275,219.96
1040,East,Online,794.57,194.48,439.53,14.18,104,124.72
523,North,Retail,393.23,76.87,1328.84,14.27,237,117.74
445,South,Wholesale,182.8,320.85,1167.35,13.47,439,121.61
1309,North,Online,362.96,159.86,893.98,15.9,765,96.02
950,South,Online,944.69,127.5,1964.85,9.25,545,211.83
919,East,Online,755.71,52.34,563.19,11.09,303,102.4
1038,North,Online,853.48,160.83,2143.99,15.04,558,209.1
385,South,Wholesale,774.87,107.13,819.62,9.07,122,135.91
638,East,Retail,608.25,313.0,1241.3,13.34,451,149.08
1071,East,Online,795.39,247.88,1511.07,10.34,300,195.01
1237,South,Online,582.71,110.9,841.72,12.67,202,102.3
684,South,Online,783.27,358.93,1274.14,12.91,499,184.77
329,East,Retail,1569.49,813.21,2230.33,10.17,300,143.05
438,East,Online,890.84,205.0,712.94,10.88,210,130.74
555,North,Wholesale,315.39,484.6,135.25,11.97,407,104.25
67,East,Online,983.84,52.34,1381.69,10.32,174,170.31
1315,East,Online,995.97,271.41,893.82,13.56,542,153.25
832,West,Retail,1056.35,224.41,1007.17,14.41,403,158.31
241,West,Retail,438.58,333.23,94.38,12.14,492,94.24
247,East,Retail,838.26,472.4,1389.79,9.12,489,219.34
82,South,Wholesale,812.58,174.78,98.45,11.14,128,90.25
121,East,Wholesale,603.51,367.19,224.04,11.65,164,104.6
788,East,Wholesale,677.0,97.68,542.5,14.62,517,103.19
275,East,Retail,196.57,288.98,1015.56,10.68,275,124.75
1273,East,Online,1199.26,68.34,2065.82,12.85,156,190.51
1430,South,Wholesale,594.57,297.12,1818.91,14.2,145,155.32
1506,North,Online,989.65,120.89,2433.45,9.85,185,203.88
56,West,Retail,134.59,162.76,118.14,10.21,466,72.99
743,West,Retail,995.26,243.44,108.37,11.73,345,110.96
1191,North,Online,865.34,82.07,1481.57,12.76,418,147.64
1028,North,Online,1008.45,130.02,809.83,11.72,464,170.85
1121,South,Online,943.15,116.78,1827.48,11.1,649,205.75
1245,North,Retail,490.84,155.16,325.14,12.6,464,80.2
187,South,Online,382.09,25.95,1084.91,13.27,278,102.17
1294,South,Online,849.48,80.62,1752.11,12.8,684,199.11
418,West,Retail,930.34,495.68,817.3,9.15,254,179.47
68,South,Online,441.25,467.1,1002.14,11.8,119,134.17
961,East,Online,902.1,128.11,2236.34,12.4,634,206.48
580,South,Online,994.56,119.67,1261.96,13.62,242,151.58
692,West,Retail,457.64,234.74,545.54,10.82,492,100.07
1550,North,Online,1128.94,184.11,1321.0,12.38,233,184.71
940,North,Retail,1169.09,174.29,1582.01,13.58,700,200.98
1067,North,Online,923.53,198.21,1166.86,13.39,659,180.75
799,North,Online,236.06,16.33,640.31,11.02,226,84.5
178,West,Retail,653.78,323.02,955.63,12.73,209,140.14
387,East,Retail,910.61,359.21,235.71,12.32,494,130.8
424,North,Retail,690.49,190.27,810.33,10.41,425,132.28
235,West,Online,178.33,180.49,1347.64,12.49,279,115.93
1009,North,Online,808.61,280.93,2394.82,10.72,752,241.31
1287,South,Online,917.93,198.31,1979.01,10.79,536,205.92
567,West,Wholesale,529.01,36.55,895.16,13.65,321,104.43
726,North,Wholesale,342.25,313.26,120.07,14.97,349,80.14
524,East,Wholesale,859.99,124.06,161.35,14.47,103,83.37
1356,East,Online,981.95,189.55,767.49,12.46,662,157.06
1289,North,Online,734.55,266.59,1482.44,15.37,309,169.32
368,East,Wholesale,147.66,287.11,995.72,10.3,378,108.63
416,North,Wholesale,279.61,344.17,865.54,9.42,286,119.92
1412,East,Online,467.09,149.16,755.14,9.26,699,116.61
429,North,Retail,320.87,76.13,1462.16,12.12,334,115.0
84,North,Wholesale,310.43,479.35,549.45,10.45,114,125.38
904,North,Retail,260.85,191.99,2241.81,13.72,440,175.04
1280,East,Online,365.46,156.53,1090.27,11.77,388,110.28
1542,North,Online,397.8,114.33,1150.47,12.58,273,117.3
1425,South,Wholesale,731.32,141.5,335.81,11.69,93,102.89
1013,North,Online,263.75,83.28,2322.31,11.31,797,181.79
1023,North,Retail,895.78,151.7,1285.86,14.69,646,172.82
201,West,Online,175.91,329.0,825.03,14.71,289,99.14
583,North,Online,673.42,340.08,1407.25,12.71,227,166.99
1546,North,Retail,762.03,622.03,2631.15,13.43,1114,245.79
392,North,Wholesale,633.14,387.11,298.01,13.79,416,114.75
69,North,Wholesale,433.19,79.44,1398.1,14.94,238,116.0
707,West,Online,875.6,123.47,1006.73,14.1,381,133.44
21,West,Online,331.48,166.63,179.73,9.44,275,77.59
487,South,Wholesale,357.71,198.42,720.3,14.52,289,85.42
280,West,Retail,659.48,258.35,409.55,9.61,271,125.35
125,North,Online,284.39,88.64,192.63,11.88,314,78.62
530,South,Online,519.87,64.91,676.13,9.12,112,107.46
229,East,Retail,590.39,32.49,526.87,11.61,499,107.61
41,South,Wholesale,458.46,192.42,1311.15,10.89,409,151.46
595,North,Retail,423.1,175.71,1409.52,9.69,308,149.04
31,East,Online,821.39,92.29,216.59,11.55,238,100.57
1036,East,Online,1085.75,175.41,1511.43,14.9,779,200.04
1070,South,Online,2276.49,135.16,1982.34,11.26,1095,46.79
318,East,Retail,364.14,244.29,129.83,14.21,208,77.7
477,South,Online,981.95,410.01,953.33,10.08,198,157.09
1350,North,Online,1188.66,111.62,1620.57,8.98,175,188.46
735,North,Online,1209.29,284.97,1608.14,11.5,566,118.22
1537,North,Retail,406.09,11.48,1613.15,13.7,373,141.53
8,West,Retail,664.71,209.41,435.37,13.97,425,-53.9
188,North,Online,599.68,264.67,1217.92,13.37,291,140.17
1299,North,Online,1122.33,208.88,1826.95,12.56,723,200.05
611,East,Wholesale,293.89,68.37,435.24,13.62,425,61.72
815,North,Wholesale,656.25,130.24,2120.52,10.49,326,207.25
604,East,Online,294.5,181.46,706.53,14.1,275,97.59
397,West,Wholesale,752.78,258.57,752.34,14.61,456,124.5
281,North,Online,441.65,446.13,960.44,10.23,209,149.28
1492,South,Wholesale,1040.34,292.22,2353.94,11.28,324,227.1
660,South,Online,113.8,446.86,1007.39,9.45,309,124.53
246,West,Retail,275.21,215.29,1310.11,10.49,171,107.85
933,North,Retail,538.09,93.29,1392.72,12.18,594,144.85
614,West,Wholesale,969.21,280.61,364.38,11.89,193,117.01
1274,West,Online,778.55,72.51,1384.52,13.19,319,148.11
1099,North,Online,986.04,80.14,1941.06,13.18,232,187.44
1076,North,Online,1614.37,272.37,3212.3,15.46,230,38.86
667,West,Wholesale,761.09,176.56,523.59,12.03,406,105.24
502,West,Wholesale,529.32,174.0,387.64,10.08,191,103.99
842,North,Online,579.03,221.99,849.54,13.58,407,138.98
1209,North,Online,381.12,82.09,710.94,12.72,95,67.96
848,North,Retail,475.13,165.83,1213.13,11.02,241,117.4
725,North,Online,630.0,182.0,747.35,10.64,492,132.07
501,East,Wholesale,676.44,661.37,2813.27,10.83,725,288.15
252,West,Retail,638.73,381.66,1421.23,13.24,463,171.63
457,West,Wholesale,483.72,108.23,1224.51,13.34,364,122.57
1491,East,Online,498.22,189.05,1261.98,12.12,190,108.82
199,North,Wholesale,990.33,280.79,600.7,10.91,226,151.82
1502,East,Online,578.93,203.25,647.37,9.82,308,108.72
103,South,Retail,340.51,319.89,584.39,10.89,184,105.58
931,North,Online,367.94,186.78,1200.11,13.59,265,113.29
657,West,Online,903.46,58.16,113.07,13.93,127,83.64
966,East,Online,279.77,252.3,947.64,10.34,493,115.24
290,North,Wholesale,322.55,384.79,830.7,10.21,154,121.0
1395,West,Online,909.86,214.34,624.2,10.19,148,120.24
45,West,Wholesale,783.26,143.66,1410.56,11.07,384,149.93
977,North,Online,433.37,14.12,1053.9,10.34,469,121.42
213,North,Retail,211.23,309.89,1178.87,11.56,171,123.01
785,South,Online,455.08,144.44,2332.53,13.38,314,182.88
648,East,Retail,133.37,67.08,401.19,9.22,228,73.17
129,North,Wholesale,229.1,262.47,560.95,11.2,395,109.26
1176,North,Online,582.82,101.53,1795.0,9.45,401,158.43
936,North,Online,392.26,182.0,987.8,9.43,337,153.8
1343,North,Retail,723.78,165.92,2247.82,8.89,523,226.48
1193,East,Online,935.8,142.32,2079.74,13.03,1147,212.66
295,West,Retail,990.76,370.12,878.79,12.41,248,174.59
1539,West,Online,661.48,81.45,918.15,11.3,454,127.62
716,North,Retail,718.59,107.33,474.33,9.32,164,112.64
976,South,Online,536.93,115.02,2426.73,11.62,674,188.9
1251,North,Wholesale,650.54,270.64,663.67,15.99,730,137.56
695,West,Retail,485.46,241.27,755.8,10.94,457,121.5
1452,West,Online,1085.64,281.62,685.09,10.67,688,172.44
314,South,Wholesale,654.84,406.79,1246.73,13.64,302,154.34
861,East,Online,798.57,60.85,1115.62,9.49,133,150.22
742,North,Online,1661.6,1178.92,3591.88,14.5,677,82.99
415,North,Online,859.14,233.73,1306.43,14.04,187,145.0
754,South,Wholesale,113.63,344.49,441.78,10.69,169,78.82
498,East,Retail,933.6,200.71,670.27,9.08,195,134.74
1398,South,Online,1732.33,134.42,3233.66,13.46,503,292.67
301,West,Wholesale,552.11,410.68,546.88,10.09,445,140.48
851,North,Online,1006.17,216.32,305.3,9.38,767,141.25
1549,South,Online,799.38,202.0,2139.46,9.86,695,243.95
1357,South,Online,564.58,62.61,2020.24,14.3,473,150.99
1517,North,Online,589.91,80.13,1111.04,14.79,682,139.89
374,South,Online,482.15,375.59,474.87,12.54,190,111.28
300,East,Wholesale,619.95,360.93,2646.97,13.11,217,-24.84
1514,North,Online,938.32,173.64,1125.51,14.45,157,164.16
1149,South,Online,812.11,211.92,1752.34,11.98,336,190.88
915,North,Online,831.8,10.35,1366.16,10.29,755,168.6
1218,East,Online,535.44,13.68,1744.41,11.11,537,151.25
177,South,Retail,724.52,417.96,855.4,12.55,401,137.2
109,North,Online,741.96,439.03,243.07,11.88,262,117.67
1293,North,Wholesale,935.45,111.2,318.71,9.14,662,127.05
1058,North,Online,763.47,259.73,914.6,9.1,284,149.71
617,East,Retail,550.14,295.45,720.05,13.0,130,100.66
967,North,Online,421.68,155.12,495.38,10.7,622,130.81
1298,East,Online,1173.06,81.53,1183.26,10.47,89,165.3
1059,North,Online,267.85,21.75,1552.49,11.54,87,117.58
826,North,Online,694.16,11.39,1897.5,15.96,670,149.61
1188,North,Online,1147.38,252.73,1353.25,15.82,592,179.08
738,South,Retail,358.41,461.16,250.23,9.64,281,115.48
569,South,Online,348.85,499.71,166.38,10.73,180,95.35
906,North,Online,704.97,293.12,739.15,13.19,190,140.64
363,North,Wholesale,661.81,433.07,636.7,12.69,151,128.8
245,East,Wholesale,755.76,62.59,487.18,12.83,435,99.21
419,North,Wholesale,879.84,230.18,1380.59,12.07,684,-29.85
268,North,Online,140.43,453.03,1368.22,9.8,104,148.54
110,West,Online,469.16,345.94,869.83,14.43,126,107.82
400,South,Online,856.53,367.53,1209.36,11.38,451,178.6
1418,North,Online,279.23,186.5,1340.55,11.93,758,121.36
81,East,Online,912.22,301.36,583.82,13.3,320,127.66
10,South,Online,855.45,44.84,988.08,14.46,166,116.48
1147,North,Online,799.7,44.22,469.37,11.02,575,125.11
1003,North,Online,597.77,232.62,2372.19,9.37,682,195.72
1190,North,Online,907.8,147.62,1163.24,8.76,225,162.58
191,West,Online,907.75,183.06,657.23,10.93,323,136.59
373,South,Online,262.41,100.61,1047.55,9.45,229,115.14
244,East,Retail,468.91,458.39,1435.06,11.38,260,176.4
1275,South,Retail,1008.72,68.37,1901.5,12.78,578,168.99
535,North,Wholesale,816.6,31.63,591.1,12.17,423,103.16
1333,South,Online,858.74,44.92,1611.12,13.4,460,187.65
113,South,Online,757.53,126.43,1328.78,12.84,228,150.36
202,West,Wholesale,835.89,476.0,1334.04,13.79,425,191.58
1547,South,Online,1192.65,131.45,1242.03,13.7,306,171.67
644,North,Online,482.58,246.99,1445.8,13.88,343,139.19
1509,South,Online,234.46,179.72,1780.96,12.33,335,131.33
165,East,Wholesale,2242.64,177.19,3660.64,12.24,333,199.36
1020,East,Online,2546.09,637.61,4259.2,11.07,822,226.96
511,North,Retail,336.33,172.51,577.06,10.85,368,97.84
508,West,Retail,1417.49,364.8,791.2,9.83,323,-66.37
1261,North,Online,622.02,254.44,378.01,15.14,587,98.8
306,South,Retail,985.79,291.42,346.76,14.24,285,109.67
521,West,Wholesale,730.91,29.73,305.11,9.25,184,86.18
971,West,Online,1195.6,39.32,1034.61,11.85,562,165.58
38,South,Retail,312.4,54.49,1478.11,14.68,206,124.41
1355,North,Online,805.85,102.65,581.19,10.95,450,116.91
1335,South,Online,1015.27,73.51,2408.21,10.34,576,216.07
1102,North,Online,1165.58,6.14,1755.6,13.1,401,192.88
723,North,Wholesale,973.47,437.16,1082.87,11.84,213,172.51
1252,North,Online,865.59,294.21,548.34,13.29,159,136.72
437,North,Online,160.1,468.78,516.01,14.71,391,106.09
529,West,Retail,87.03,97.7,421.47,12.33,332,62.69
345,West,Retail,908.71,413.44,707.85,13.12,417,144.01
91,North,Wholesale,429.24,117.15,1041.59,10.58,467,119.87
479,East,Online,1101.31,241.04,2987.39,9.94,621,271.06
327,West,Online,350.54,377.91,89.54,14.13,259,89.08
63,East,Retail,505.45,253.82,299.11,12.49,252,89.49
58,East,Wholesale,759.72,467.33,1073.89,9.84,237,165.05
1417,West,Online,887.05,67.1,448.62,10.0,546,120.41
293,West,Retail,603.32,159.7,1392.49,11.7,113,134.23
1263,North,Online,965.47,59.57,1881.36,9.12,308,191.14
1463,North,Retail,1077.93,128.72,1110.78,12.62,767,183.16
463,West,Retail,70.74,33.58,1430.82,10.35,358,117.25
388,West,Wholesale,972.17,296.14,620.94,11.07,302,138.41
1041,South,Wholesale,951.18,131.09,2058.32,15.41,233,180.47
22,South,Online,211.31,140.41,160.82,10.11,326,58.24
798,East,Retail,1091.7,173.87,669.0,9.09,577,154.15
643,North,Online,999.78,290.25,1156.39,10.65,230,182.63
1022,North,Online,727.1,251.15,1093.83,14.33,157,137.23
1005,North,Online,1137.31,191.59,636.49,11.2,344,133.78
990,South,Retail,763.48,16.98,2056.94,10.96,593,189.99
706,East,Retail,850.33,92.8,992.67,12.74,319,114.69
1002,South,Online,852.18,138.01,2042.96,15.32,309,183.43
774,West,Retail,115.68,112.64,1244.24,14.13,264,72.91
209,North,Wholesale,727.11,316.48,794.25,13.79,283,128.6
115,North,Online,761.89,417.17,1459.33,9.74,445,200.36
123,North,Retail,797.55,196.75,882.75,9.81,370,134.55
1440,North,Online,527.02,219.09,1616.72,15.75,764,162.3
1178,East,Online,340.36,84.3,408.43,13.34,302,91.96
1171,North,Online,1179.66,183.07,691.69,12.44,433,160.16
53,West,Wholesale,247.6,406.77,283.48,12.13,164,91.83
1484,South,Wholesale,1023.37,65.9,918.76,12.16,566,120.33
152,West,Online,838.12,417.99,677.9,12.88,362,153.67
42,West,Online,460.89,25.25,597.84,9.78,128,85.34
1202,North,Online,1038.89,141.91,1718.7,11.91,210,197.6
1011,East,Wholesale,822.34,143.06,1742.6,8.72,244,174.46
811,North,Online,651.07,119.26,1970.87,11.24,548,197.28
806,East,Online,552.81,181.43,2133.4,12.71,303,165.72
316,South,Online,761.72,53.65,874.12,10.03,454,141.85
708,West,Wholesale,84.61,149.55,943.54,10.99,319,94.8
1146,South,Online,722.18,14.03,1304.32,9.81,282,142.37
849,West,Online,951.91,22.51,1782.02,12.0,577,183.42
562,North,Retail,73.94,343.29,147.29,12.82,222,73.4
543,West,Retail,543.21,493.62,474.99,10.96,264,132.85
804,West,Online,1024.48,58.16,604.46,10.67,632,142.79
1173,East,Online,569.14,81.92,2359.41,13.82,358,163.95
220,South,Online,701.75,287.64,585.97,13.77,476,121.76
1415,South,Online,846.18,293.64,2177.1,11.71,80,188.84
1488,North,Online,983.53,158.57,2408.7,8.56,726,260.37
383,West,Wholesale,954.33,150.58,851.56,14.98,180,131.52
911,North,Online,574.8,7.57,2270.19,10.21,384,194.14
825,North,Online,658.49,52.42,2444.51,13.27,614,221.06
1560,North,Online,2596.49,546.92,4068.96,9.41,616,224.89
292,North,Online,299.73,434.2,1327.43,11.14,410,164.49
817,West,Online,542.92,153.35,1765.02,15.94,223,148.89
1403,North,Online,358.25,42.61,1160.11,13.34,284,100.01
561,North,Wholesale,135.24,276.03,505.16,11.76,197,71.98
571,South,Wholesale,776.52,97.3,550.41,12.15,200,103.62
206,North,Wholesale,888.07,145.95,1246.92,9.92,263,146.21
1327,North,Online,2098.61,369.54,5628.59,12.41,649,93.35
913,North,Online,914.34,271.3,677.95,8.87,589,156.51
346,West,Wholesale,572.02,35.43,1081.44,12.07,188,107.21
780,West,Wholesale,843.75,452.53,512.97,13.65,245,123.22
1564,North,Online,354.07,53.04,1805.13,13.06,237,134.33
1447,North,Retail,1168.05,92.3,1165.91,11.53,634,184.9
762,North,Retail,523.1,335.1,648.09,9.28,473,139.92
899,North,Online,554.91,40.49,1679.39,9.2,256,157.66
615,South,Retail,2282.79,305.1,551.38,12.02,641,193.09
1105,North,Online,516.86,293.44,2058.16,11.66,254,224.58
5,North,Wholesale,574.55,254.67,510.74,10.24,425,125.03
24,West,Online,105.05,91.97,523.19,12.65,177,70.85
302,North,Wholesale,841.2,377.4,537.72,9.08,134,134.03
737,North,Online,464.33,282.47,238.36,14.29,191,82.44
299,West,Wholesale,936.29,496.69,187.85,14.86,227,122.57
50,North,Wholesale,592.61,400.29,194.37,9.86,342,103.39
274,East,Online,591.48,222.8,223.15,14.02,451,94.83
1478,North,Online,341.26,81.49,1333.56,13.09,86,126.33
1103,East,Online,474.41,219.63,1638.84,13.43,166,135.13
1246,North,Retail,1197.76,111.84,377.72,14.16,495,116.19
1516,North,Online,1098.24,120.61,1526.25,15.21,766,188.77
621,West,Online,300.28,81.53,451.55,9.29,401,86.04
28,North,Online,697.26,353.05,1095.19,9.55,336,173.18
1339,East,Online,475.16,87.03,1655.32,9.4,485,158.87
1310,North,Online,858.84,9.16,665.38,15.65,665,98.59
1226,South,Online,244.77,199.43,701.03,9.84,202,93.17
1050,North,Online,1174.76,74.55,2311.52,15.94,439,209.74
579,West,Retail,139.62,305.26,1290.09,14.14,295,113.02
176,North,Retail,960.59,453.2,1410.41,10.94,106,183.11
1510,East,Online,424.23,164.2,1731.2,11.38,350,133.6
568,North,Wholesale,555.23,360.25,1051.71,9.67,175,152.27
948,North,Wholesale,1061.24,223.96,1488.18,8.77,168,179.35
1189,North,Retail,627.02,176.47,872.7,8.91,486,125.19
167,West,Retail,873.28,283.33,443.43,12.24,384,116.01
369,South,Online,501.27,265.9,1099.81,14.97,437,142.52
464,South,Online,539.38,288.16,702.41,11.83,161,109.78
1172,North,Retail,421.22,104.58,1898.49,11.98,180,143.63
693,North,Retail,713.4,379.77,1408.56,13.05,422,158.47
286,South,Retail,768.29,120.45,566.02,13.51,155,100.21
1234,North,Online,731.35,26.84,1638.09,10.27,234,152.22
55,East,Retail,819.44,286.82,356.94,9.46,261,128.8
118,East,Online,276.42,182.52,774.35,14.08,468,79.62
534,East,Online,174.21,126.48,897.67,12.96,350,93.69
174,West,Retail,269.21,92.48,181.62,10.12,296,64.78
124,South,Online,917.5,44.18,141.02,14.55,208,79.5
836,North,Online,1039.17,12.09,1409.2,12.97,113,152.98
1288,North,Online,396.8,186.11,902.85,9.53,96,87.76
11,South,Online,995.08,249.27,1123.81,12.19,129,154.7
730,East,Wholesale,91.02,74.68,540.26,11.78,210,57.95
542,East,Wholesale,204.71,312.94,891.55,11.49,332,98.57
240,North,Retail,474.5,448.7,682.56,10.24,381,134.68
549,West,Retail,301.35,204.3,341.95,14.95,407,76.88
163,North,Wholesale,947.89,131.71,760.5,13.38,480,128.35
396,South,Online,195.9,109.6,103.42,12.72,215,43.44
783,South,Online,103.47,366.26,1017.85,11.05,109,109.96
1498,East,Retail,1157.22,168.13,1829.83,15.55,431,194.43
818,West,Online,745.83,656.96,7440.81,11.45,175,276.1
224,West,Online,342.28,317.56,1027.09,11.3,106,121.2
161,North,Retail,79.35,77.34,1153.94,11.22,259,116.02
871,North,Online,216.83,103.42,972.82,12.1,797,135.31
101,West,Online,98.01,327.94,1434.83,10.33,425,137.87
1072,North,Online,1167.07,122.02,532.48,12.77,492,159.42
698,East,Online,170.24,139.36,747.66,12.3,323,98.85
1474,East,Retail,775.4,18.04,1943.9,9.45,453,189.82
724,West,Retail,722.78,455.27,195.65,9.23,305,144.91
664,North,Retail,672.69,360.29,468.36,14.89,179,109.59
656,South,Wholesale,230.54,73.16,541.17,10.14,440,80.47
1068,East,Online,914.3,134.26,1536.9,9.21,245,171.97
1026,South,Online,1017.1,113.74,356.23,15.25,227,91.34
596,South,Retail,453.85,403.21,1367.8,10.8,365,170.12
339,North,Wholesale,470.71,475.35,864.79,14.74,197,125.46
370,West,Online,623.24,407.57,885.3,12.63,257,139.07
566,East,Online,932.1,430.11,426.57,10.68,353,141.01
1518,East,Online,519.41,227.82,668.3,9.5,732,134.52
1376,North,Online,248.86,251.95,1923.17,12.46,555,171.76
427,North,Wholesale,501.54,144.68,1364.4,13.6,147,123.41
145,South,Retail,980.98,285.08,1023.79,9.71,295,166.38
128,North,Wholesale,546.94,473.19,757.46,10.59,327,131.12
591,West,Wholesale,443.47,411.14,1445.88,12.53,326,152.11
1,West,Wholesale,503.34,132.66,1277.14,10.31,203,126.04
761,East,Retail,594.96,361.36,521.71,14.66,442,111.27
1063,South,Online,748.55,39.77,933.69,9.7,353,144.06
196,North,Online,135.5,103.01,470.46,10.61,183,75.26
80,West,Retail,806.26,364.81,1142.02,10.08,214,161.39
470,East,Retail,71.16,345.99,85.68,12.49,352,67.91
491,East,Online,174.38,230.35,1336.93,11.23,362,136.07
1465,East,Online,514.08,184.59,1665.42,11.99,725,193.62
447,West,Online,443.64,346.15,650.41,11.85,362,117.16
332,North,Online,102.19,299.69,507.78,9.9,354,92.53
1203,North,Online,994.92,10.1,1009.11,14.29,474,138.31
929,North,Retail,624.37,247.25,1890.95,10.94,339,180.45
1458,East,Online,688.25,175.73,825.63,9.64,609,157.33
394,East,Retail,446.39,395.73,767.83,13.92,299,107.07
1029,North,Online,1187.34,125.46,2045.88,15.89,476,231.4
278,East,Retail,645.31,135.83,157.22,14.31,209,68.43
1540,East,Online,296.52,179.97,2448.88,14.08,607,188.56
92,East,Wholesale,83.36,278.93,356.67,10.03,144,77.16
171,South,Wholesale,554.73,196.68,167.88,9.61,154,94.99
273,North,Wholesale,80.54,294.18,798.49,12.31,106,100.2
76,South,Retail,240.53,352.09,1075.8,9.08,190,146.66
1297,North,Online,315.49,46.86,1548.15,14.62,554,135.52
325,West,Wholesale,576.28,246.63,720.63,13.31,339,110.83
1165,North,Retail,1161.96,242.28,1714.18,12.74,365,201.83
1485,North,Retail,384.21,248.78,610.97,10.48,90,88.25
835,East,Wholesale,826.77,200.22,1165.36,11.19,416,159.23
682,North,Wholesale,378.11,130.45,477.35,14.54,198,84.46
57,South,Online,425.47,178.3,865.87,9.33,149,106.83
1286,North,Retail,617.42,271.78,1356.99,11.2,80,147.3
88,South,Online,431.95,382.94,1067.68,9.91,346,135.3
668,West,Retail,882.45,132.64,333.05,14.48,176,108.62
108,South,Wholesale,941.59,273.15,505.89,12.98,495,141.15
537,East,Retail,626.21,71.99,500.68,9.89,167,101.48
237,South,Wholesale,691.01,236.52,1294.33,14.45,289,137.96
712,East,Retail,665.98,443.75,1081.74,11.68,122,163.35
499,South,Retail,527.29,202.51,916.41,9.01,451,143.78
1095,North,Retail,761.22,107.62,991.1,12.4,526,142.63
1032,South,Online,802.78,177.32,2083.55,14.88,109,166.76
1317,North,Online,330.67,122.51,1176.8,12.44,146,109.48
358,West,Wholesale,93.67,328.55,946.23,14.14,341,96.09
270,North,Online,460.35,480.61,1233.76,11.96,149,145.27
462,North,Online,613.84,39.17,1333.64,10.92,352,155.42
75,North,Retail,1361.18,124.14,1667.59,10.43,182,-47.5
60,North,Retail,229.39,487.8,631.04,12.91,194,117.38
405,West,Online,746.47,437.45,1342.09,10.21,236,174.44
287,North,Wholesale,857.24,415.01,1015.79,10.14,147,174.98
493,East,Online,948.15,120.53,992.68,13.45,332,141.63
572,West,Online,852.06,343.59,1031.53,14.1,141,140.15
1325,North,Online,806.51,201.51,1794.32,11.23,543,195.44
1127,West,Online,1011.57,215.3,2391.79,13.04,561,237.53
1061,North,Online,908.22,257.7,2381.89,13.78,601,245.79
1482,North,Online,970.09,177.15,1071.32,14.49,380,161.68
740,South,Wholesale,459.59,459.71,665.48,9.93,302,133.83
1207,North,Online,945.69,14.86,1056.4,12.38,136,113.5
12,West,Retail,879.27,445.44,1090.64,12.52,238,178.04
1411,North,Retail,568.38,295.48,857.07,15.21,397,119.69
883,East,Online,1109.87,161.92,721.9,11.75,89,131.56
793,East,Retail,710.02,220.69,430.11,13.92,266,99.49
228,East,Retail,330.27,464.57,926.93,13.14,300,127.35
1441,East,Online,247.48,211.26,2009.23,15.46,560,150.68
1249,West,Online,1051.26,126.22,629.39,15.75,714,121.29
27,South,Online,842.41,84.22,282.45,10.26,268,110.33
160,West,Retail,871.85,221.49,1452.14,11.7,334,169.59
864,North,Online,208.46,232.53,995.56,13.0,774,151.84
528,West,Wholesale,375.52,20.48,1044.82,11.94,227,112.81
1227,North,Retail,841.42,162.97,580.13,12.9,755,134.27
1464,North,Online,654.37,329.35,2989.94,11.37,209,257.47
243,North,Wholesale,261.25,161.79,725.99,14.16,218,74.22
728,North,Online,87.55,148.3,568.07,10.29,242,84.03
1481,North,Online,679.06,183.42,1135.99,14.95,379,146.52
1216,North,Retail,463.49,284.78,2332.09,12.45,154,200.6
1270,North,Online,800.89,55.34,423.47,13.27,529,105.78
1424,West,Online,677.13,56.03,2224.46,14.65,304,182.35
878,South,Wholesale,1085.17,118.15,771.21,11.36,681,153.06
471,South,Online,621.3,45.95,283.34,10.21,310,92.83
380,East,Online,933.09,163.4,1152.63,13.13,207,152.0
398,South,Online,121.27,35.81,313.42,13.73,171,40.54
72,South,Retail,743.32,66.53,168.85,11.54,355,92.44
1566,North,Retail,853.89,198.39,958.31,10.65,762,157.9
935,North,Online,701.8,124.31,538.31,13.09,335,108.72
910,South,Online,1046.26,110.99,554.15,15.58,123,74.62
506,West,Retail,862.7,227.21,122.9,11.28,443,116.37
1557,North,Online,289.52,96.62,319.54,10.12,578,86.31
1460,East,Online,1101.92,62.64,2089.76,9.89,570,210.81
212,East,Retail,494.27,267.96,917.27,12.76,331,122.54
1185,West,Online,576.77,68.42,311.48,11.51,104,82.31
1556,East,Wholesale,634.15,244.53,365.38,11.32,143,101.76
1046,North,Online,369.04,201.51,2252.74,8.85,134,192.49
620,North,Online,604.95,332.39,568.22,11.2,390,133.51
1144,North,Online,682.7,105.13,395.75,10.13,170,97.54
354,East,Retail,335.26,244.83,787.69,14.17,159,90.84
1404,North,Online,332.73,126.82,629.87,8.68,338,109.36
480,South,Wholesale,569.64,236.58,1066.24,13.67,493,130.84
812,South,Online,258.79,158.81,1548.27,13.05,119,127.51
1181,North,Online,370.54,36.59,1204.51,10.35,197,140.87
939,North,Wholesale,323.51,156.22,2441.38,9.78,565,192.21
514,South,Online,240.17,79.45,1300.03,11.23,163,114.06
483,East,Online,988.27,348.25,535.23,9.12,321,159.35
1027,East,Online,945.36,14.36,922.64,11.44,543,131.03
355,South,Online,503.37,448.39,915.34,10.27,470,152.74
149,South,Retail,370.01,36.26,350.83,14.46,401,66.66
1248,North,Online,658.84,46.59,1377.35,13.9,620,152.09
855,North,Online,298.28,111.99,782.18,10.5,378,101.68
959,West,Online,1183.38,36.41,715.73,11.98,487,143.28
488,North,Retail,505.81,41.92,1266.43,11.25,413,138.23
1073,North,Online,319.19,222.85,1658.5,8.6,368,152.69
646,West,Retail,508.26,120.84,1267.28,12.96,273,124.26
895,North,Online,716.39,257.0,1778.05,10.43,462,194.02
802,West,Retail,1087.71,6.03,415.06,15.16,397,108.28
364,North,Wholesale,1680.5,310.66,3033.77,9.78,788,39.57
1082,North,Online,375.71,176.92,882.37,12.79,534,118.32
912,North,Retail,527.04,294.45,653.5,13.57,746,109.39
1182,North,Online,212.34,86.62,2202.26,15.71,348,155.02
1145,North,Online,827.39,466.62,5125.25,15.99,507,139.55
689,West,Online,914.31,202.27,1106.57,9.64,486,172.67
981,East,Online,417.43,209.8,2421.0,9.51,379,209.0
865,North,Online,294.86,117.97,368.4,11.96,414,79.98
1224,East,Online,262.3,69.71,1069.12,9.53,602,111.98
1241,North,Online,599.16,286.66,370.24,8.65,683,129.51
238,West,Wholesale,698.46,213.14,311.71,9.43,365,116.32
1001,North,Online,262.89,47.88,542.91,12.98,444,79.94
95,South,Retail,793.76,43.56,703.88,12.39,199,97.78
857,North,Online,214.75,22.45,1955.17,12.45,496,173.3
964,East,Retail,539.25,271.06,1400.36,9.6,738,181.5
64,West,Wholesale,868.72,71.5,1403.15,10.41,398,165.86
366,South,Wholesale,819.99,495.62,890.12,9.94,143,171.92
642,West,Retail,148.94,283.5,191.13,10.46,354,82.01
1408,North,Retail,316.72,162.42,705.32,10.72,294,97.59
1405,East,Retail,1132.48,42.06,597.87,12.78,327,114.12
1080,North,Wholesale,1109.12,273.7,1828.69,12.7,253,190.33
622,South,Online,933.12,466.69,474.97,9.18,178,152.73
924,South,Retail,579.59,299.32,1507.26,15.36,745,189.18
1167,South,Online,581.92,290.31,553.09,14.38,433,114.01
1432,East,Online,480.04,258.4,1379.73,14.76,171,129.94
1493,North,Retail,736.24,262.05,604.32,13.04,399,151.64
1354,South,Online,573.85,214.41,916.23,14.91,552,133.42
1305,North,Online,267.29,30.75,2035.86,14.93,653,157.33
710,South,Wholesale,575.35,578.47,2145.55,10.59,448,257.45
1175,East,Online,325.06,223.7,731.49,12.17,771,117.01
760,South,Online,238.21,142.49,960.51,14.25,120,91.37
955,North,Online,600.72,219.23,1594.17,14.1,511,187.28
285,East,Online,525.2,242.91,1302.29,13.48,336,142.05
874,East,Online,1109.98,247.68,1497.16,13.97,231,169.52
867,North,Online,810.89,37.72,750.39,12.67,664,137.05
1467,East,Online,539.81,196.67,1248.87,9.65,355,152.47
691,South,Retail,285.8,717.48,1091.2,14.18,690,-45.1
1125,East,Online,1090.16,164.48,2065.52,15.87,705,210.49
1479,East,Online,476.13,88.6,1947.21,14.6,142,153.38
336,East,Wholesale,197.63,342.27,714.92,9.42,197,105.32
1370,North,Retail,800.95,99.2,2043.44,9.96,187,182.52
988,North,Online,243.42,70.62,2024.84,9.72,225,166.72
203,East,Retail,601.23,156.91,495.12,14.32,487,94.93
813,South,Online,1092.38,146.64,1106.77,10.81,323,172.78
790,North,Online,1044.77,182.94,1444.11,15.95,575,163.08
231,North,Retail,576.57,56.84,1065.54,10.5,461,131.2
1321,North,Online,574.3,231.65,1543.15,13.22,199,157.44
679,North,Online,298.8,399.15,691.86,10.99,322,112.99
958,North,Online,836.17,223.86,2115.68,13.44,618,198.68
1409,East,Online,774.27,71.99,2240.63,13.93,666,187.55
686,South,Online,608.14,22.39,971.41,10.93,191,113.72
776,West,Wholesale,323.66,81.86,753.83,13.01,403,109.23
1010,South,Wholesale,828.19,123.46,2263.77,12.2,720,202.49
1109,North,Online,205.18,31.01,1790.88,8.9,481,143.67
880,South,Online,443.36,292.96,1549.64,11.24,360,171.12
233,West,Wholesale,629.82,21.87,271.77,11.63,243,74.2
663,North,Wholesale,372.07,153.73,669.7,14.1,194,81.06
1124,North,Online,728.57,254.75,2376.13,10.83,463,233.14
1107,North,Online,1763.92,32.72,3931.1,12.84,1127,52.73
342,West,Retail,898.4,493.73,1370.85,14.33,307,184.66
909,North,Online,958.26,27.32,1784.27,11.77,291,186.86
133,East,Online,921.97,411.55,1431.19,12.28,117,173.03
968,East,Online,617.54,212.08,2120.97,12.24,442,202.22
1483,East,Wholesale,1097.11,80.43,1643.13,8.51,601,208.79
344,East,Wholesale,219.67,99.62,881.3,13.9,321,96.82
522,South,Wholesale,493.18,139.78,672.22,10.89,194,107.02
255,North,Retail,552.22,314.82,276.37,13.73,139,90.21
1455,North,Retail,589.05,122.16,2024.57,14.93,269,158.73
1016,West,Online,867.57,589.29,4262.01,11.23,616,345.82
1554,North,Online,334.21,174.32,841.33,13.29,112,110.84
284,North,Wholesale,910.5,225.72,1287.4,12.69,220,159.04
1200,North,Online,1155.89,152.49,845.04,10.05,785,174.18
83,West,Wholesale,302.73,354.69,478.44,14.11,190,98.4
65,East,Online,660.14,133.62,1161.34,11.23,402,143.51
678,South,Retail,237.11,201.43,167.46,10.09,226,63.26
1515,South,Online,1055.43,164.15,1853.97,13.49,648,203.56
1195,North,Online,996.66,253.27,426.28,9.54,356,136.14
676,South,Retail,291.82,432.65,275.33,14.87,160,106.72
771,North,Online,589.36,179.0,1234.33,11.83,432,138.69
744,North,Retail,124.81,42.79,674.39,9.5,189,68.35
1030,North,Online,570.33,71.31,1288.44,9.35,508,150.0
1199,North,Online,315.58,42.54,1806.52,12.22,241,124.32
1119,North,Online,1063.86,153.95,2275.74,14.33,552,252.33
632,West,Wholesale,679.78,311.0,558.52,13.1,274,117.95
969,West,Online,401.82,266.64,2374.92,9.72,84,196.34
1472,East,Online,357.65,128.72,1944.21,10.6,179,165.46
1117,West,Online,934.94,230.18,1214.11,13.74,135,156.58
116,West,Retail,323.46,304.86,865.28,11.36,301,104.47
1505,North,Online,319.06,64.71,1025.23,8.68,178,110.2
665,South,Retail,139.32,475.11,102.12,13.03,246,85.36
1375,North,Online,737.71,29.63,1708.12,12.3,298,170.73
532,East,Wholesale,276.54,177.96,262.6,14.84,348,61.25
1163,South,Online,285.3,238.13,639.93,14.06,481,87.31
379,South,Wholesale,241.28,21.3,1384.85,12.2,309,104.14
769,North,Online,874.82,97.85,611.6,14.14,399,119.63
1304,North,Retail,1426.9,396.42,3220.8,11.16,1709,268.67
122,East,Retail,425.35,269.48,518.42,13.52,275,97.91
1174,West,Online,629.37,217.03,1622.31,13.08,336,145.38
466,East,Wholesale,450.22,306.43,264.64,14.49,245,91.77
1530,North,Retail,411.47,277.75,2321.5,8.78,718,224.16
1529,North,Online,789.16,38.62,369.63,15.12,678,90.48
920,West,Online,358.1,238.24,1965.29,11.13,646,203.83
1503,North,Online,1145.0,208.0,949.28,9.08,732,174.95
1089,South,Online,797.64,271.33,545.04,14.05,320,120.62
694,South,Wholesale,987.38,488.19,966.59,11.8,190,178.75
922,North,Retail,863.99,116.33,557.51,15.79,199,88.54
507,South,Retail,420.39,378.94,1238.48,10.12,308,173.74
218,North,Retail,849.97,497.87,547.1,14.14,303,127.94
390,West,Wholesale,124.25,425.32,693.9,12.76,455,105.54
426,West,Retail,117.68,266.74,795.58,14.7,399,108.3
1427,West,Online,272.59,105.05,349.85,15.48,456,49.8
1446,North,Online,549.27,182.65,838.4,13.75,713,127.36
330,South,Wholesale,311.28,429.75,1206.09,13.8,277,139.69
350,North,Wholesale,738.58,275.72,1144.62,13.54,255,143.1
23,West,Wholesale,235.43,195.22,1380.76,10.15,125,114.15
35,South,Retail,693.82,493.85,1480.96,9.41,174,184.31
822,North,Online,823.01,238.17,1068.47,14.4,367,145.95
371,West,Retail,283.29,190.54,785.11,9.51,356,103.48
288,South,Retail,998.89,115.22,651.71,9.37,362,120.18
184,South,Online,241.46,301.09,521.94,10.84,172,99.21
1359,South,Online,682.06,284.49,352.01,13.93,723,91.41
533,South,Retail,759.76,283.23,619.6,12.92,329,129.54
1391,North,Online,1060.02,281.1,683.21,15.62,742,165.02
1150,North,Online,1099.69,78.95,1728.76,11.64,789,207.41
1194,North,Retail,729.83,76.46,2477.15,14.36,298,208.16
741,North,Wholesale,618.26,428.13,82.74,13.12,339,110.58
1545,South,Online,948.75,193.03,610.94,9.39,505,146.21
7,West,Online,153.22,494.76,1494.34,12.22,300,154.28
942,East,Online,1136.45,295.76,1545.06,9.7,206,193.41
582,East,Retail,138.61,443.32,1218.56,11.73,338,132.7
905,North,Online,855.35,272.32,2076.7,12.22,156,193.75
1140,South,Online,753.37,147.6,1263.41,9.13,685,186.06
1451,East,Online,411.54,42.43,1002.76,15.68,539,117.35
365,East,Retail,787.82,261.53,667.92,14.38,432,135.7
193,North,Retail,365.55,273.22,799.19,13.62,326,104.9
182,West,Retail,477.06,27.91,224.54,12.95,226,64.93
215,East,Wholesale,297.67,39.8,126.67,12.06,182,44.71
486,South,Retail,850.52,149.83,474.07,12.57,338,103.42
1180,South,Online,606.64,181.96,2292.29,11.17,199,188.94
649,East,Online,158.32,418.03,825.23,12.32,392,126.38
1187,North,Online,919.69,166.36,537.19,12.46,234,115.33
359,South,Wholesale,384.6,486.56,263.37,10.73,242,115.93
560,South,Retail,361.53,91.61,681.49,14.82,164,78.19
417,North,Retail,637.73,423.74,568.53,9.11,115,151.49
873,North,Online,977.39,154.71,380.39,13.98,453,114.74
1538,East,Online,1077.63,294.37,1946.88,9.14,144,230.64
1258,East,Online,432.73,121.31,1224.07,15.29,725,114.32
775,North,Retail,741.49,280.03,806.05,11.4,107,130.92
431,West,Online,853.41,326.14,1302.24,10.1,140,173.47
448,East,Retail,545.78,389.79,1105.92,12.53,293,144.95
102,East,Retail,874.05,399.32,484.51,10.16,469,154.72
1449,North,Online,1085.9,496.25,2415.21,12.8,696,233.01
208,East,Wholesale,546.02,34.88,226.98,11.88,337,66.8
789,South,Online,392.28,128.42,2335.86,10.77,207,165.22
1471,North,Online,236.85,81.23,2208.56,15.83,717,159.66
289,East,Retail,262.75,363.98,298.95,11.69,271,90.18
1369,East,Online,986.76,171.57,2199.55,12.47,204,202.82
845,North,Online,623.96,188.35,1310.07,14.64,275,133.46
1423,North,Online,1079.04,282.17,1508.8,14.93,398,179.14
917,North,Online,972.69,81.27,1518.04,11.26,494,157.98
1135,East,Retail,443.38,116.97,1475.65,13.77,748,149.45
1371,North,Online,734.81,5.32,2006.76,13.68,469,176.32
805,South,Retail,422.69,235.48,1907.16,15.25,647,176.06
965,South,Online,801.22,19.44,1701.35,12.74,191,150.86
1531,North,Online,964.99,271.66,1877.11,14.03,774,229.76
1561,North,Online,1080.06,84.05,1831.22,8.76,328,208.47
254,North,Retail,517.22,89.2,461.29,10.77,337,82.12
1308,North,Online,524.93,49.26,823.67,9.16,428,129.37
937,North,Online,834.19,299.46,678.16,9.72,188,142.08
456,North,Online,285.88,370.89,545.86,10.02,351,124.06
539,North,Online,727.91,90.34,1202.76,9.27,375,149.24
875,North,Online,638.34,43.13,439.41,10.01,489,95.29
269,North,Online,50.54,441.19,1326.75,9.42,427,150.82
1088,North,Online,373.2,83.83,807.48,9.22,795,125.38
766,North,Online,181.65,343.2,1230.61,11.09,413,131.55
546,South,Online,632.45,117.93,322.82,9.91,286,94.7
1168,West,Online,525.79,207.37,1694.46,13.51,329,163.47
1433,South,Online,1112.63,60.15,3804.41,9.07,591,184.38
119,South,Online,527.73,234.2,132.98,11.27,431,107.15
414,West,Retail,409.29,473.51,1289.79,11.84,148,146.44
1285,West,Online,1131.71,89.65,1132.45,15.13,433,156.46
175,North,Retail,75.82,458.45,1405.41,10.32,426,160.43
1353,North,Online,396.77,230.36,690.88,14.57,173,100.46
401,South,Online,498.85,421.94,404.18,13.95,156,111.24
1512,North,Online,214.21,268.55,1660.64,13.33,468,140.47
94,South,Online,657.29,294.35,766.59,9.26,178,132.58
1338,North,Retail,915.59,269.83,808.45,13.24,481,153.76
1008,North,Retail,464.33,56.29,473.67,15.71,536,93.05
312,South,Retail,582.74,138.07,1154.3,9.2,211,140.72
519,North,Wholesale,387.46,318.3,531.07,10.78,328,99.25
1152,East,Wholesale,428.93,98.92,1203.09,15.46,510,133.34
154,East,Online,259.15,45.6,695.39,10.05,223,76.07
921,North,Online,607.25,168.57,1035.52,12.42,318,136.74
1414,East,Online,344.45,76.55,1152.33,12.23,87,92.24
444,North,Retail,322.26,298.24,184.67,14.87,236,63.61
1380,North,Online,250.95,140.05,2405.16,13.71,778,204.99
1085,North,Online,295.9,89.91,733.16,15.15,778,112.36
1494,East,Online,1022.79,68.35,557.81,14.54,332,106.22
1048,East,Online,1112.14,234.91,1458.85,15.44,570,178.21
1055,North,Retail,843.96,231.89,656.26,15.04,161,107.24
226,West,Retail,704.46,432.3,571.62,10.53,194,138.98
1025,South,Online,677.65,115.34,1216.33,12.54,434,139.91
1217,West,Wholesale,678.88,85.64,466.98,10.36,793,103.74
714,West,Retail,228.7,234.1,482.29,10.63,167,80.35
436,North,Online,668.25,278.8,279.44,13.15,164,93.37
180,East,Online,555.03,326.82,170.84,14.43,482,98.22
1496,East,Online,345.89,106.71,1983.04,10.38,324,150.86
509,South,Retail,977.7,218.93,153.56,10.42,132,115.34
33,South,Wholesale,917.62,42.68,188.83,14.67,267,86.82
1448,North,Online,628.76,81.75,563.45,11.55,156,96.64
39,North,Online,966.29,304.22,1042.78,9.64,486,180.22
25,West,Retail,951.83,438.61,1474.77,10.07,440,200.37
30,East,Retail,216.69,134.02,1060.72,10.77,302,110.99
200,South,Retail,120.35,259.65,578.92,11.9,285,87.2
833,North,Retail,511.39,103.01,1339.5,9.96,210,146.49
1215,North,Online,876.15,291.3,2482.68,12.57,732,251.11
181,West,Wholesale,502.33,351.44,1127.19,10.77,300,147.88
824,North,Online,322.4,10.77,645.32,15.46,716,93.54
1508,North,Online,905.15,463.11,2203.62,13.45,714,185.66
265,West,Wholesale,478.05,114.79,177.73,14.51,454,64.08
127,South,Wholesale,694.07,199.22,181.92,10.45,134,86.57
1396,East,Online,956.84,265.18,1617.97,11.21,284,204.38
720,West,Retail,776.0,482.73,392.24,10.33,157,138.83
296,West,Retail,550.43,403.4,871.79,10.11,392,156.74
795,North,Wholesale,883.05,38.48,2488.12,14.21,221,196.91
653,East,Online,387.41,60.55,575.59,9.98,144,82.78
661,South,Online,86.81,385.8,1001.45,13.07,223,122.6
1281,South,Online,786.35,181.2,576.9,10.38,774,120.8
106,East,Wholesale,171.88,68.57,879.41,14.68,266,79.81
1096,North,Online,227.14,171.8,2443.19,8.95,423,207.52
348,South,Retail,242.65,437.95,879.43,13.89,372,127.21
746,South,Online,221.67,207.33,1378.73,11.45,295,136.8
923,East,Online,1903.33,108.63,3291.56,12.03,197,207.1
420,West,Wholesale,708.28,403.77,1214.73,13.87,476,158.29
403,West,Retail,346.6,443.4,299.31,12.71,495,92.58
510,North,Online,227.16,272.14,1153.35,9.18,244,133.04
1074,East,Online,831.96,134.9,1104.5,11.99,302,151.87
1480,South,Online,855.9,104.71,2418.18,11.53,120,200.86
670,South,Wholesale,354.15,376.32,303.58,14.3,453,92.69
916,North,Online,755.52,113.26,1120.36,11.89,384,154.01
232,South,Online,640.77,113.42,999.32,12.23,320,125.17
731,South,Wholesale,54.61,336.47,880.6,14.07,196,81.96
704,West,Retail,631.82,257.86,481.83,14.4,209,90.49
870,North,Online,891.92,18.44,2214.74,12.4,212,179.69
1416,North,Online,1183.89,296.77,1611.11,12.25,393,222.95
1291,East,Online,703.75,252.12,2026.91,8.74,665,218.91
717,East,Wholesale,244.14,371.18,600.78,11.04,462,110.85
126,South,Online,749.7,112.65,1068.49,10.56,363,142.94
688,West,Online,545.88,325.06,124.14,10.31,432,116.83
1378,East,Online,1108.04,126.13,2226.86,11.25,106,191.46
552,North,Wholesale,278.24,498.59,1432.25,10.67,465,176.9
748,South,Online,323.1,101.57,738.35,11.04,159,84.88
608,North,Wholesale,587.5,458.73,805.27,13.09,360,138.06
1468,North,Retail,676.73,271.33,880.68,10.15,674,163.32
1045,South,Online,533.85,115.04,1189.24,14.92,620,135.64
809,South,Online,757.95,109.28,1987.07,9.33,566,204.0
1033,North,Online,866.6,98.74,342.28,9.63,151,115.56
541,West,Online,374.46,316.48,537.29,11.53,467,130.01
578,East,Retail,932.78,354.7,1151.19,11.96,381,186.93
797,North,Online,635.69,147.22,2376.51,8.67,441,234.46
1196,North,Retail,661.81,223.65,1002.67,11.8,193,138.94
399,South,Online,743.29,128.14,1081.28,14.12,453,118.27
1558,North,Online,557.75,236.17,1852.0,15.27,497,174.79
1524,North,Online,715.36,126.9,1158.4,11.79,185,124.02
90,East,Retail,854.34,96.99,1227.12,12.67,447,137.2
889,North,Online,1019.75,93.01,2121.69,13.07,517,192.03
192,North,Retail,925.8,139.92,1285.26,13.97,403,162.13
1214,West,Online,969.03,234.28,912.97,10.62,753,167.53
1271,North,Online,758.48,188.74,1468.95,13.23,339,168.09
1568,North,Retail,569.42,66.6,2157.99,11.53,165,184.97
898,North,Retail,747.94,91.48,1423.45,13.37,554,166.59
1459,East,Online,332.14,214.6,1195.0,11.86,395,107.13
1052,West,Online,923.07,18.36,313.4,9.83,227,107.26
249,South,Retail,1938.7,492.56,922.35,12.22,814,-102.73
1266,South,Online,923.97,209.39,1874.48,9.31,90,170.58
71,North,Online,283.58,387.35,85.14,14.88,216,67.13
800,South,Online,657.34,272.33,460.85,15.38,120,109.21
853,South,Online,1054.08,261.76,1850.54,8.68,97,210.54
700,South,Online,532.29,66.82,704.59,12.07,148,108.81
1513,North,Online,416.09,189.52,836.29,14.53,80,90.61
1552,East,Online,847.89,23.56,1713.01,10.18,115,172.96
1131,East,Online,273.61,192.28,1667.81,13.23,499,163.54
881,North,Online,243.97,167.48,2062.99,12.23,358,168.26
772,East,Wholesale,115.68,238.01,1331.35,10.47,216,112.53
378,South,Retail,929.4,448.59,1459.19,12.54,276,187.65
952,East,Online,818.4,243.64,2050.66,15.88,329,166.49
673,West,Online,332.03,170.79,1408.67,13.38,151,126.64
367,West,Online,726.12,25.83,80.91,14.46,143,72.15
987,North,Online,717.61,246.84,1978.76,14.38,329,169.95
860,South,Online,531.89,54.23,1768.16,12.56,419,142.07
515,South,Wholesale,696.03,217.01,502.21,12.46,380,121.87
852,North,Online,742.69,156.18,1057.89,10.06,591,159.55
1331,East,Online,714.26,21.37,2206.0,8.93,350,210.94
607,West,Wholesale,384.33,139.01,1296.22,13.35,374,105.76
334,West,Wholesale,70.64,374.8,1452.8,12.18,273,140.64
1302,South,Online,636.42,245.17,1499.83,12.2,609,188.18
1129,North,Online,201.29,57.17,349.67,10.59,712,76.33
1153,North,Online,409.92,168.46,1479.95,12.09,791,172.39
564,East,Retail,768.82,94.39,690.64,10.45,233,128.63
242,West,Online,132.38,79.72,1379.86,10.68,264,106.66
846,South,Online,589.44,177.17,318.93,13.66,651,96.06
1031,East,Online,947.09,77.96,916.68,13.79,596,147.02
1260,North,Online,356.22,174.9,385.5,15.6,528,104.63
223,East,Wholesale,776.77,281.7,1042.68,9.2,111,146.33
550,South,Wholesale,87.58,467.0,214.27,10.41,424,100.86
1267,East,Online,539.29,92.34,308.68,15.83,227,95.21
1268,East,Online,963.8,169.4,358.85,10.09,439,133.55
893,North,Wholesale,664.69,93.25,660.15,14.95,420,116.33
1086,North,Online,764.84,244.49,2351.01,11.03,83,211.24
527,West,Retail,905.09,273.94,1343.82,11.29,107,159.22
446,East,Online,469.02,189.58,1204.67,9.71,186,123.7
1087,South,Retail,737.85,257.77,1926.32,14.32,495,183.81
944,East,Online,233.4,24.23,1256.9,15.98,334,106.6
1062,South,Online,694.07,120.99,2192.37,9.12,632,224.64
1431,East,Online,586.82,18.16,678.39,10.48,115,107.13
641,East,Retail,198.48,168.58,1080.33,14.94,229,99.68
626,South,Wholesale,105.91,360.8,544.23,10.65,302,106.85
15,South,Wholesale,431.58,146.39,81.17,11.98,284,65.6
166,South,Retail,294.73,128.82,533.23,14.54,227,77.5
619,North,Wholesale,827.32,245.18,739.74,9.85,487,159.44
1386,West,Online,540.43,367.52,4197.28,9.03,1558,282.3
1037,South,Online,549.32,52.21,2002.03,15.31,605,173.01
1183,East,Online,473.34,154.62,1419.05,14.95,336,128.94
1300,East,Online,525.09,214.49,2184.51,13.29,359,182.21
440,East,Retail,184.56,56.07,629.56,13.45,451,79.02
1169,North,Online,710.01,31.58,1556.46,13.49,530,146.53
406,West,Retail,400.54,355.25,852.62,12.31,451,131.32
594,East,Wholesale,301.95,220.77,1154.83,9.73,187,127.77
1381,North,Online,1083.99,279.69,692.98,13.25,770,166.11
1332,North,Online,987.07,105.04,822.14,13.19,656,129.6
478,East,Retail,90.23,373.45,1344.17,13.54,338,124.47
1307,South,Online,460.59,192.91,602.05,13.81,147,88.46
1399,East,Retail,812.16,165.51,2080.57,14.42,204,191.76
26,North,Wholesale,432.74,309.02,1449.4,14.29,237,143.46
590,North,Wholesale,312.13,126.79,1215.08,10.93,241,124.19
1106,West,Online,829.2,208.97,1862.42,12.61,410,195.09
362,North,Online,467.22,86.96,1156.79,11.13,443,133.94
134,South,Online,984.98,204.0,279.06,11.69,357,120.06
2,South,Retail,519.6,283.17,160.68,14.2,153,63.8
294,North,Retail,993.85,443.18,1246.69,9.68,180,189.05
1044,West,Online,708.72,141.59,2349.74,8.84,446,207.7
1054,West,Online,896.87,250.11,2010.79,9.27,711,240.45
887,East,Retail,1032.07,265.84,767.95,13.14,376,141.93
1064,South,Retail,796.58,83.46,1463.39,11.44,588,167.69
584,South,Online,82.47,246.46,754.79,11.76,189,77.28
351,East,Wholesale,619.46,206.17,1040.48,14.99,455,119.08
1108,North,Online,254.54,32.33,620.31,10.84,404,90.43
882,South,Online,791.08,95.08,1346.43,12.06,352,143.26
897,North,Wholesale,594.93,274.64,2130.36,10.61,757,200.37
496,East,Retail,136.17,50.82,1450.5,13.65,396,108.99
331,East,Wholesale,111.7,93.68,959.99,11.04,467,95.61
54,East,Wholesale,542.97,138.69,489.41,10.18,226,95.88
791,North,Online,567.51,286.97,1770.53,15.31,120,141.97
1198,South,Wholesale,1193.47,16.48,1134.65,14.75,364,150.1
914,North,Retail,781.8,13.28,2282.22,13.89,121,161.54
489,East,Retail,979.14,397.73,1029.19,14.25,420,169.11
770,East,Retail,401.09,179.54,1029.26,13.37,474,120.25
1504,East,Online,262.7,292.95,1402.52,12.92,616,163.52
1525,East,Retail,742.08,189.07,2120.36,14.12,369,195.1
545,North,Online,219.02,487.76,1127.76,10.05,123,135.77
150,North,Wholesale,626.04,347.85,987.0,10.09,210,136.15
517,South,Online,691.07,466.74,519.13,13.97,125,119.31
886,North,Online,842.89,7.12,1586.09,12.76,262,145.56
1243,South,Online,1155.53,187.55,1413.18,11.24,230,177.8
752,South,Retail,923.28,385.2,1286.14,10.84,386,186.46
1007,North,Retail,625.59,297.62,735.28,14.41,499,148.75
495,West,Wholesale,528.86,131.63,231.07,10.54,213,83.29
640,West,Retail,470.52,414.5,777.65,13.22,351,127.97
465,East,Wholesale,377.59,155.62,487.31,14.05,412,75.87
144,East,Wholesale,413.64,270.63,229.47,12.52,129,69.45
1151,North,Retail,200.96,168.45,1239.21,12.18,345,127.77
1177,North,Online,1056.73,263.49,1054.78,13.76,95,150.89
239,North,Wholesale,120.37,388.48,800.29,11.71,250,114.65
753,North,Wholesale,80.96,327.65,1399.08,9.21,436,146.15
593,South,Retail,475.81,156.13,1087.66,14.26,235,105.67
630,West,Wholesale,536.63,153.54,1201.84,10.7,340,128.54
925,North,Wholesale,1084.97,187.31,753.12,11.96,665,169.5
831,North,Retail,354.72,270.19,2336.53,12.09,581,197.37
1473,North,Online,1152.95,168.38,1202.61,10.8,562,165.16
248,South,Wholesale,568.51,476.32,870.7,11.42,265,138.82
1014,North,Online,410.0,289.28,1742.14,12.95,315,135.91
574,West,Retail,462.63,303.1,1122.56,9.64,102,133.46
1133,West,Online,205.5,76.75,1584.95,14.22,557,124.37
384,South,Retail,128.74,469.49,3095.4,11.1,613,53.6
1000,North,Online,308.72,280.88,1796.1,14.45,647,169.45
338,East,Online,472.45,265.35,661.49,11.79,378,121.22
340,West,Online,118.21,203.03,693.92,10.67,333,83.48
605,West,Wholesale,527.55,95.37,379.9,13.4,361,76.84
1069,North,Retail,915.31,103.64,2343.15,14.41,503,227.28
819,North,Online,921.79,167.29,2355.05,9.17,642,233.1
602,West,Online,527.39,458.42,1109.13,11.48,117,137.39
745,East,Online,415.45,60.11,1098.82,12.48,259,101.57
216,East,Online,195.85,67.98,244.86,9.12,372,62.94
169,South,Online,891.42,98.34,1100.54,9.44,240,144.41
138,South,Wholesale,987.3,312.16,1088.1,14.72,101,150.65
902,West,Retail,584.14,265.74,411.65,12.9,453,113.57
423,North,Retail,133.98,381.96,964.22,12.41,125,97.76
221,South,Retail,863.59,380.48,876.05,11.34,363,163.4
979,North,Retail,415.02,101.51,2038.08,15.59,772,168.06
1250,North,Online,504.6,262.65,1088.71,11.18,602,160.7
455,North,Online,63.09,177.81,1221.51,12.54,445,119.57
520,West,Online,381.42,239.71,197.77,10.81,197,94.29
356,East,Wholesale,391.68,130.38,83.52,9.25,338,83.59
1306,East,Online,602.8,17.63,2123.91,10.27,716,207.18
993,North,Online,637.9,239.05,1981.1,8.87,527,216.17
758,West,Online,986.73,470.1,822.9,9.79,266,176.39
1161,West,Online,860.18,296.42,872.64,12.65,542,150.81
1351,North,Online,1095.15,12.77,1135.49,10.18,173,209.22
1450,West,Retail,626.35,219.69,966.14,8.71,428,134.32
195,North,Retail,251.18,485.57,1420.69,13.61,163,153.49
1500,North,Online,550.52,70.59,1891.23,11.33,649,195.59
402,West,Wholesale,534.34,58.78,920.89,12.3,384,123.92
666,East,Online,952.36,63.95,373.41,13.61,458,118.02
1367,East,Online,1079.1,179.39,2387.46,13.95,646,238.17
1495,East,Online,748.36,76.15,451.7,10.3,145,91.2
1318,North,Retail,1083.91,269.37,1227.22,9.61,365,205.64
1527,North,Online,1159.4,202.2,955.86,9.07,769,197.15
732,North,Online,743.02,394.84,445.49,13.82,301,120.84
792,South,Online,520.68,163.85,1120.33,12.14,606,148.11
1035,East,Online,2029.02,65.62,5325.39,12.02,377,258.78
323,South,Online,266.47,299.36,109.03,11.86,464,79.13
1276,North,Online,944.27,188.74,1951.55,9.9,419,207.36
1232,South,Online,784.39,198.49,1826.19,9.68,797,214.76
637,East,Wholesale,357.1,96.96,1046.57,13.62,314,98.18
1094,East,Online,1151.22,13.26,316.42,12.48,569,116.17
674,East,Retail,107.6,87.82,1213.4,10.22,196,91.26
998,North,Online,528.24,297.49,348.52,11.43,474,132.41
1219,North,Online,434.93,102.18,1305.13,15.57,478,126.32
650,North,Online,933.15,305.17,1397.56,12.46,336,193.29
573,South,Retail,900.73,48.8,703.43,14.98,281,118.58
313,North,Online,530.23,255.97,545.9,13.39,423,107.6
1137,North,Retail,581.54,62.56,2166.53,14.24,450,169.56
326,East,Online,70.1,412.56,1201.17,10.58,217,126.52
901,West,Online,580.66,92.25,350.95,11.65,331,76.51
613,West,Retail,2139.74,332.66,1247.98,12.92,350,-55.03
856,East,Online,1177.01,10.81,1320.82,14.65,86,174.53
984,South,Retail,524.76,118.58,355.34,14.08,743,124.4
1337,North,Online,890.89,170.0,1898.6,9.07,259,215.23
433,East,Online,850.6,123.98,1268.83,12.94,495,165.41
956,East,Online,362.33,254.14,2135.46,13.06,703,198.64
1366,South,Online,3324.2,432.38,6947.55,11.09,1090,158.48
719,East,Retail,893.63,27.8,937.49,10.06,273,135.26
260,East,Retail,507.51,413.24,1396.24,14.39,396,146.12
623,West,Wholesale,159.43,262.75,1397.54,14.94,125,117.02
442,North,Wholesale,703.16,494.45,444.48,12.25,289,140.68
796,North,Online,337.2,197.67,1102.0,14.7,705,114.93
282,North,Wholesale,771.66,322.47,1197.24,13.84,257,160.54
408,West,Retail,672.64,626.98,743.88,13.45,311,209.58
1212,South,Retail,773.78,41.49,1236.43,10.74,196,133.61
443,East,Retail,222.88,732.43,2233.37,12.96,281,7.48
635,North,Wholesale,899.99,49.14,1414.62,10.5,248,168.47
1394,North,Wholesale,439.43,94.87,602.27,13.76,549,119.15
900,North,Online,922.91,134.8,609.92,14.01,521,137.34
460,East,Online,408.95,439.16,1496.7,9.16,200,168.31
93,South,Retail,203.84,251.06,1000.29,14.58,468,108.71
575,West,Wholesale,778.53,348.32,1311.99,10.63,237,184.15
978,South,Online,528.08,274.92,1513.24,14.09,551,141.4
1555,East,Online,209.66,127.25,1375.72,10.11,617,132.38
504,East,Online,475.84,470.98,838.82,10.37,194,136.98
687,South,Wholesale,967.89,108.47,844.45,14.14,423,135.25
476,South,Wholesale,932.7,125.6,545.07,11.63,121,107.49
932,North,Online,485.79,266.95,1230.53,12.84,259,155.92
558,South,Wholesale,415.91,292.55,850.41,10.43,224,103.7
659,East,Online,720.01,160.61,878.51,11.94,412,123.79
1155,East,Retail,366.1,291.98,957.71,15.15,623,116.29
1499,North,Wholesale,625.8,73.59,417.24,10.74,136,81.35
563,West,Retail,242.01,239.0,115.18,13.74,179,59.34
610,South,Online,832.72,485.5,1098.17,12.3,380,191.29
198,West,Wholesale,332.72,297.18,1179.13,14.19,219,237.41
1240,North,Online,851.86,200.49,864.41,9.23,196,138.09
751,South,Online,1058.02,756.82,4537.12,9.95,654,106.2
1113,West,Online,1106.96,64.14,970.37,13.23,526,157.41
18,North,Online,941.87,270.29,255.78,12.89,344,115.34
1487,South,Online,369.44,156.28,2080.97,14.85,645,156.97
482,North,Wholesale,369.47,416.68,306.83,13.48,312,93.96
576,East,Online,816.08,302.31,1156.89,11.15,441,152.73
472,South,Wholesale,775.65,478.81,430.0,13.56,175,135.39
1422,East,Online,859.69,246.51,1726.38,13.55,404,205.07
1282,North,Retail,649.3,79.02,1099.12,14.56,772,141.88
764,North,Wholesale,407.9,323.57,353.09,13.42,265,101.42
782,West,Retail,72.57,40.62,853.69,11.67,497,76.4
136,North,Retail,656.31,405.3,924.56,14.1,258,137.98
636,North,Wholesale,226.68,283.47,1444.99,13.48,435,143.54
461,East,Retail,553.92,352.88,1314.63,12.13,293,138.05
1101,North,Online,1168.81,192.27,1935.9,11.34,128,190.58
553,North,Online,310.21,201.98,953.49,12.89,142,99.81
1470,West,Online,626.96,420.55,1743.22,9.36,407,169.28
1477,East,Online,2414.31,149.87,3593.31,14.42,1254,-66.23
1090,North,Online,767.36,255.38,2387.62,10.62,666,238.5
1507,North,Online,749.41,289.58,1344.43,13.17,81,133.29
1231,South,Retail,1157.92,118.12,2007.63,10.55,125,194.26
9,North,Online,803.35,418.74,1254.35,9.83,275,186.99
78,East,Wholesale,490.64,383.53,918.1,11.72,411,127.59
59,North,Retail,402.97,347.31,999.99,11.96,355,137.17
960,East,Online,1095.79,45.73,1867.67,10.69,637,222.79
763,North,Online,601.42,236.62,269.56,13.56,132,94.49
885,North,Online,517.25,38.15,476.62,9.66,621,124.68
425,East,Online,372.75,331.33,1089.72,13.38,249,143.62
1402,South,Online,285.87,51.2,2448.35,10.91,699,166.25
481,South,Retail,189.41,242.14,599.01,13.79,473,82.69
497,South,Retail,452.47,388.4,930.38,12.21,347,133.65
1541,North,Online,305.62,93.57,370.17,13.91,421,92.17
1344,North,Online,335.63,245.53,2181.15,12.66,593,205.95
1389,East,Wholesale,1112.91,273.12,1725.86,9.76,383,202.25
413,North,Online,866.58,54.78,242.51,9.41,419,113.5
1166,North,Online,1162.35,59.79,453.57,14.98,290,108.49
89,North,Wholesale,263.46,498.88,277.39,9.97,258,114.01
999,North,Wholesale,877.87,197.95,1254.64,8.99,799,189.34
820,North,Online,756.67,231.8,728.14,12.86,83,104.09
324,East,Retail,771.37,260.47,1204.42,12.05,146,143.4
767,North,Online,456.97,149.89,1080.92,10.71,494,128.79
322,South,Wholesale,473.97,246.5,1361.27,13.97,364,148.1
61,East,Online,235.72,220.12,868.11,9.52,453,109.08
927,North,Online,726.29,114.48,1698.49,10.23,746,187.46
837,East,Online,939.89,152.95,532.56,13.57,690,157.54
980,North,Online,312.35,212.91,814.78,11.36,653,117.28
1410,North,Online,387.23,137.49,2404.85,9.6,314,191.39
1444,South,Online,1130.24,252.77,1854.05,9.32,355,232.95
1326,East,Online,602.33,257.9,1955.43,13.3,457,175.27
1551,South,Online,1032.51,74.95,2440.55,13.46,282,204.99
297,West,Online,657.08,339.0,1478.14,13.07,129,165.58
1340,North,Online,395.65,12.66,1750.38,13.41,206,123.6
272,North,Wholesale,746.79,467.28,437.43,13.34,162,127.89
47,South,Retail,843.37,79.48,777.95,11.99,200,125.02
1111,East,Online,327.94,206.8,959.93,14.77,161,125.15
1134,North,Online,918.15,263.42,1095.52,10.47,542,172.07
361,West,Retail,67.52,139.84,1098.22,9.04,380,115.37
17,East,Wholesale,625.98,195.96,582.48,11.06,204,107.53
494,South,Online,302.52,302.15,349.47,9.9,191,84.72
816,North,Online,479.44,272.96,2367.24,11.57,205,197.49
194,West,Retail,210.68,200.13,396.71,12.0,274,84.0
1534,East,Online,794.99,67.78,1553.02,12.48,238,159.51
868,North,Online,725.87,30.7,1503.95,15.78,232,129.11
1426,South,Online,652.45,35.1,2002.8,8.86,133,177.09
807,North,Online,1142.13,57.31,1813.19,11.2,392,205.76
540,West,Wholesale,993.17,491.01,1327.21,13.95,449,193.97
439,East,Wholesale,514.8,421.21,537.69,11.92,328,126.13
141,South,Online,881.76,44.45,766.53,14.8,479,144.85
1223,East,Online,771.9,92.92,447.37,12.49,461,105.7
890,North,Online,591.91,70.24,540.95,15.7,339,91.73
468,West,Online,793.68,463.19,392.47,9.93,389,137.77
1039,West,Online,480.29,168.0,2372.32,8.98,583,229.84
1112,North,Online,457.65,131.14,2224.07,10.0,783,217.28
266,North,Online,221.84,433.23,1264.88,13.84,129,131.48
263,South,Online,494.9,150.15,1062.58,13.2,370,137.84
1247,South,Retail,517.13,295.5,2043.77,10.91,304,189.67
1017,North,Online,1126.28,299.09,1737.14,13.18,363,228.94
756,North,Retail,126.26,330.28,1021.91,9.85,332,126.76
1284,South,Online,998.04,127.09,1468.21,15.5,587,155.72
4,East,Online,589.76,401.85,614.69,14.54,218,116.69
1379,North,Online,911.74,252.88,1886.95,15.57,702,194.12
474,North,Wholesale,798.18,374.76,400.61,12.92,443,131.21
662,West,Retail,671.04,355.13,1185.27,13.74,345,156.78
140,North,Retail,1122.68,357.61,3459.21,13.8,457,218.87
1092,North,Online,561.57,273.16,865.55,13.59,430,133.96
516,North,Retail,222.26,287.33,378.47,12.4,163,81.8
343,West,Retail,60.47,439.93,1403.6,10.7,216,145.64
1081,West,Online,556.79,237.1,1947.39,10.41,93,174.38
1329,North,Online,373.65,32.71,1286.4,13.56,391,129.64
941,North,Retail,858.24,269.71,1244.64,8.69,457,182.27
52,North,Retail,86.71,448.42,1306.99,9.87,264,149.92
1490,South,Online,1125.45,266.27,339.18,15.91,111,106.95
531,East,Online,167.74,283.84,379.93,14.05,347,88.91
1330,East,Online,823.36,259.87,2055.78,9.55,304,217.11
435,North,Wholesale,955.33,349.69,1161.97,14.35,363,173.39
538,North,Retail,724.84,80.89,571.11,12.5,226,98.76
696,East,Retail,138.15,328.41,961.71,10.72,268,113.1
1382,East,Online,1026.67,66.75,2390.75,10.26,180,218.41
1211,North,Online,1337.89,404.84,2930.19,13.79,251,108.81
556,North,Retail,233.29,47.65,932.39,12.93,189,79.06
1154,East,Online,323.89,199.5,411.31,12.36,517,92.67
951,North,Online,693.92,123.96,2461.82,11.51,390,207.68
360,East,Wholesale,725.84,138.68,1239.23,13.2,236,137.84
1269,South,Retail,928.3,25.65,729.07,13.68,324,121.53
256,East,Online,621.9,131.63,1072.06,12.33,219,128.93
391,East,Retail,857.3,103.99,234.19,12.12,385,116.4
721,East,Wholesale,670.81,702.85,3109.71,10.2,289,22.01
1179,North,Online,784.02,25.61,965.15,11.07,605,124.76
372,South,Online,174.43,349.14,2305.95,9.39,970,2.26
1567,East,Online,842.26,73.1,2443.28,8.94,568,239.71
1532,South,Online,937.26,158.15,1675.24,10.69,216,187.33
159,East,Online,380.86,242.05,771.51,9.94,187,118.97
412,East,Online,254.48,171.57,1496.66,14.64,186,120.44
1004,North,Online,1001.83,113.52,500.06,10.79,698,141.36
1296,South,Online,205.73,282.62,1893.84,9.12,204,177.33
485,North,Retail,479.88,331.92,962.97,11.81,119,114.24
147,South,Online,336.25,413.34,471.4,10.69,287,113.22
1419,North,Online,1107.85,27.69,498.73,14.87,174,101.46
827,North,Online,366.8,284.38,887.2,8.75,754,160.84
1443,North,Online,592.88,81.69,2023.9,11.52,284,161.28
844,North,Retail,329.31,255.24,2388.09,9.45,450,197.02
577,West,Wholesale,343.04,195.29,1488.99,11.87,206,135.41
838,North,Online,1040.58,221.06,668.88,11.1,734,149.7
1562,North,Wholesale,1018.94,45.58,370.92,8.84,255,133.5
589,North,Retail,142.99,493.58,1244.01,13.54,498,154.65
291,West,Wholesale,287.91,295.94,202.63,13.2,399,68.54
1436,West,Wholesale,372.51,279.81,354.29,15.97,297,67.82
863,North,Online,260.61,235.25,2268.35,10.17,447,193.18
214,West,Online,806.74,210.11,637.65,12.06,307,126.01
1383,East,Online,746.68,215.99,441.22,8.89,362,115.06
1205,North,Online,832.58,178.69,2455.28,10.6,406,214.97
381,East,Online,66.97,286.42,945.39,11.83,371,107.25
100,West,Retail,617.14,772.89,708.32,13.33,594,-0.32
1160,North,Retail,1126.59,79.65,1939.46,14.84,666,188.79
1201,North,Retail,1009.05,225.17,1312.59,12.89,281,197.43
505,East,Retail,315.51,337.22,472.73,12.55,272,105.16
597,East,Retail,885.44,479.69,894.41,11.59,204,162.51
1565,South,Online,248.37,285.06,2257.41,8.63,161,193.94
40,East,Retail,301.37,382.92,137.06,11.38,344,90.41
341,North,Retail,812.61,440.35,1253.94,14.76,383,167.59
3,West,Wholesale,436.99,224.6,1183.21,11.08,437,139.0
452,West,Online,405.03,306.01,767.58,9.71,214,123.26
1093,South,Online,448.76,40.53,701.79,12.02,300,75.26
1233,South,Online,879.11,177.3,598.7,15.82,503,85.5
609,East,Online,442.74,402.69,207.99,10.41,436,109.56
421,East,Online,987.95,445.96,787.56,9.76,448,186.21
1278,South,Online,3318.97,211.8,5161.83,9.05,950,156.36
847,North,Online,234.57,182.94,1813.93,8.73,218,150.78
1364,West,Online,1020.06,220.21,2482.88,12.14,437,222.52
1434,North,Online,818.01,161.05,2362.16,14.06,197,183.46
112,North,Wholesale,1294.23,613.8,2856.75,11.13,817,262.26
225,South,Wholesale,255.79,354.43,531.65,11.85,188,102.77
943,East,Online,689.89,234.69,1771.97,15.27,281,165.6
74,North,Wholesale,142.9,368.34,215.4,10.94,183,82.39
48,South,Retail,252.42,286.52,326.76,9.95,203,85.77
639,West,Retail,732.16,399.62,1205.24,9.15,287,177.0
114,East,Online,829.48,372.33,751.05,12.28,300,148.59
97,South,Retail,921.53,299.83,815.99,10.5,111,153.73
1239,North,Online,429.89,283.82,2018.4,13.53,207,172.07
1148,North,Online,451.06,178.69,2000.22,9.79,88,179.87
107,South,Retail,791.8,151.12,1385.21,12.91,353,148.27
1042,South,Online,991.0,155.3,1859.29,13.16,651,211.54
1123,East,Online,798.66,209.48,1681.39,13.65,218,175.71
1347,North,Retail,226.89,289.95,1530.88,9.4,786,156.46
1407,North,Online,997.41,130.17,1503.63,13.08,395,158.29
1390,North,Retail,557.8,212.4,1908.64,13.99,754,183.99
1535,West,Online,858.19,137.14,1705.12,10.38,609,195.59
